banco,mes,periodo_sbs,pb_promedio,pb_fin_mes,dias_validos,roe,morosidad,ratio_capital
BBVA Perú,2010-02,2010-01,5.32044452249508,5.1589015212180165,5,35.31672275113637,1.27,13.29
BBVA Perú,2010-03,2010-02,5.1344506277817,5.387783330021092,22,34.215403167548644,1.28,12.84
BBVA Perú,2010-04,2010-03,6.2145107666759785,6.069703861290291,18,34.466161681105504,1.18,14.42
BBVA Perú,2010-05,2010-04,5.5135138684467915,5.175447728203328,19,33.307854689557225,1.27,14.15
BBVA Perú,2010-06,2010-05,4.964913495595004,4.620477069299651,18,32.62958129406225,1.34,13.72
BBVA Perú,2010-07,2010-06,4.364687537813976,4.377784870462713,18,31.61968629768269,1.16,13.8
BBVA Perú,2010-08,2010-07,4.4882959408977126,4.5495765842246705,21,32.104120708938936,1.4,12.96
BBVA Perú,2010-09,2010-08,4.856476993456307,5.389223693464844,21,32.65478134694948,1.42,12.9
BBVA Perú,2010-10,2010-09,5.380519112432758,5.366810549830547,17,33.03277182227798,1.26,12.81
BBVA Perú,2010-11,2010-10,5.425501836657276,5.961991010967393,19,33.30821287874919,1.15,14.61
BBVA Perú,2010-12,2010-11,5.685518877094569,5.610933987070816,17,33.76856734296059,1.17,14.07
BBVA Perú,2011-01,2010-12,5.250110776210178,5.311570789972958,18,33.69889781194071,1.04,14.65
BBVA Perú,2011-02,2011-01,5.183221473071241,4.879117220555303,17,33.531064918959494,1.14,14.57
BBVA Perú,2011-03,2011-02,4.748220997593548,4.7489738726773405,18,33.500774119405214,1.16,14.48
BBVA Perú,2011-04,2011-03,5.295335651209649,5.100160824104652,13,33.74143232500008,1.1,14.9
BBVA Perú,2011-05,2011-04,5.659168320806975,5.634165194247893,16,33.21734684228068,1.12,14.54
BBVA Perú,2011-06,2011-05,5.069187228236458,4.652101634479606,18,33.84230364014088,1.13,14.15
BBVA Perú,2011-07,2011-06,4.7327619327558965,4.94479147366271,15,34.00449422011754,1.04,14.13
BBVA Perú,2011-08,2011-07,4.435330172725152,4.499973027607702,21,33.65330570736821,1.05,13.14
BBVA Perú,2011-09,2011-08,4.1326099720751115,3.8254740581965487,17,33.34571041405646,1.13,13.07
BBVA Perú,2011-10,2011-09,4.093629604420862,4.294889225875133,18,33.355912389990415,1.05,13.05
BBVA Perú,2011-11,2011-10,4.112676547867353,3.941515169834081,15,33.56078976370719,1.08,13.05
BBVA Perú,2011-12,2011-11,3.822932967320997,3.868208455428717,16,33.98344094696551,1.03,12.77
BBVA Perú,2012-01,2011-12,4.018176468910889,4.133031532274011,16,34.310712503426444,0.92,12.46
BBVA Perú,2012-02,2012-01,4.19362284874759,4.316866928169243,12,34.19500959710021,1.03,12.28
BBVA Perú,2012-03,2012-02,4.232090418050354,4.29402259158197,16,34.586368939210494,1.16,12.5
BBVA Perú,2012-04,2012-03,5.2235466677140865,5.172592902367167,15,34.4019149012557,1.11,13.19
BBVA Perú,2012-05,2012-04,4.720424035016714,4.464188981527247,15,34.60941474093734,1.25,13.14
BBVA Perú,2012-06,2012-05,4.396148421019755,4.39895376667277,13,34.22294548531058,1.23,12.98
BBVA Perú,2012-07,2012-06,4.3382821271546845,4.351884689832727,14,34.25626283329256,1.2,13.95
BBVA Perú,2012-08,2012-07,4.27370051429085,4.307484887630112,17,34.05939173716192,1.16,13.28
BBVA Perú,2012-09,2012-08,4.370419681938429,4.446636028026781,15,34.03359646492572,1.24,13.16
BBVA Perú,2012-10,2012-09,4.283993026312481,4.208783865017335,13,33.806474622683815,1.19,12.85
BBVA Perú,2012-11,2012-10,4.321161817424828,4.415150225890219,14,33.57908991403876,1.24,12.84
BBVA Perú,2012-12,2012-11,4.433535070788673,4.699934142755964,16,33.13851678594403,1.27,12.61
BBVA Perú,2013-01,2012-12,4.781800738049055,4.867060724910602,16,33.07747109172988,1.19,12.43
BBVA Perú,2013-02,2013-01,4.799800487459071,4.820330410192148,15,33.03232298961679,1.47,12.55
BBVA Perú,2013-03,2013-02,4.794200419939286,4.7455174393779345,16,32.57246769671927,1.5,12.4
BBVA Perú,2013-04,2013-03,5.2652392552801555,5.041345473924756,20,31.96821619287006,1.52,12.84
BBVA Perú,2013-05,2013-04,4.96991800321826,4.731529587807206,20,31.45320957204104,1.68,12.65
BBVA Perú,2013-06,2013-05,4.627388242644056,4.476519684571431,18,31.23524844742705,1.71,12.56
BBVA Perú,2013-07,2013-06,4.117775055845697,3.9308120166752274,18,30.673204401925187,1.62,13.23
BBVA Perú,2013-08,2013-07,4.044149267561256,4.161779151587467,21,30.669352651553197,1.74,12.94
BBVA Perú,2013-09,2013-08,4.09154298241206,3.9116831157131235,20,30.28755595302642,1.78,12.7
BBVA Perú,2013-10,2013-09,3.8965212670861087,4.191551319338107,23,30.20071246204073,1.79,12.87
BBVA Perú,2013-11,2013-10,3.8730726356378185,3.803548851881317,20,30.112723995933187,1.82,13.15
BBVA Perú,2013-12,2013-11,3.838675581516056,3.948983982495576,20,29.952110197181,1.81,12.69
BBVA Perú,2014-01,2013-12,3.9313364057815945,3.9890129107502017,21,29.78807792000536,1.74,12.42
BBVA Perú,2014-02,2014-01,3.759619820231928,3.928031941161634,18,29.281711561650464,1.99,12.42
BBVA Perú,2014-03,2014-02,3.639383154775492,3.5927846038729774,21,28.73655041664822,2.1,12.34
BBVA Perú,2014-04,2014-03,4.196519618902547,4.270639156170543,21,28.56745061353564,2.03,12.39
BBVA Perú,2014-05,2014-04,4.257237566014009,4.308991759880296,21,28.3663224482694,2.14,12.95
BBVA Perú,2014-06,2014-05,4.2441158230312315,4.260132449534059,21,28.224149261299758,2.24,12.98
BBVA Perú,2014-07,2014-06,4.263818273322998,4.265143949355702,22,28.14885885757084,1.96,13.23
BBVA Perú,2014-08,2014-07,4.165158078622186,4.117479741084844,21,27.677271360241264,2.26,12.9
BBVA Perú,2014-09,2014-08,4.065126455756246,4.021513486708763,21,27.29671218427154,2.29,12.75
BBVA Perú,2014-10,2014-09,3.769220633546542,3.892065005246746,23,27.05937703525881,2.27,14.23
BBVA Perú,2014-11,2014-10,3.776283470908217,3.7837494963119114,17,27.10081148782212,2.45,14.1
BBVA Perú,2014-12,2014-11,3.6139597746906187,3.6135900766139466,21,26.759894581468124,2.38,14.08
BBVA Perú,2015-01,2014-12,3.3440205453897454,3.114063831103413,20,26.68532749726279,2.23,13.78
BBVA Perú,2015-02,2015-01,3.12733748080908,3.0850820182749508,19,26.596407289203828,2.43,13.76
BBVA Perú,2015-03,2015-02,3.154059840523271,3.169663136218381,22,26.476229787911265,2.45,13.45
BBVA Perú,2015-04,2015-03,3.5059043842308943,3.422679104034211,21,26.388951445004533,2.31,13.64
BBVA Perú,2015-05,2015-04,3.3775608942100765,3.3913957968351864,20,26.510623876188333,2.41,13.6
BBVA Perú,2015-06,2015-05,3.301151567428004,3.2341442382717047,21,25.85323330124646,2.47,13.48
BBVA Perú,2015-07,2015-06,3.188151738885841,3.16292387435491,22,25.703616636639985,2.31,13.09
BBVA Perú,2015-08,2015-07,2.785990745777112,2.782246065184175,20,25.38511710071657,2.46,13.79
BBVA Perú,2015-09,2015-08,2.6504527300700516,2.5672346020587664,19,25.63488418938429,2.54,13.9
BBVA Perú,2015-10,2015-09,2.611740016134658,2.632633528538986,20,25.09474383138396,2.41,13.95
BBVA Perú,2015-11,2015-10,2.521786350486019,2.535280954542516,20,24.667006959841054,2.48,13.89
BBVA Perú,2015-12,2015-11,2.384227059165698,2.2339578425254616,20,24.513577312522823,2.24,13.54
BBVA Perú,2016-01,2015-12,1.9947980883016205,1.9291799404287004,18,23.923381751441426,2.17,13.31
BBVA Perú,2016-02,2016-01,2.2641430157089135,2.3765960725868136,19,23.728699334145396,2.33,13.39
BBVA Perú,2016-03,2016-02,2.566777943700348,2.6706985994684085,21,23.390759355550102,2.42,13.17
BBVA Perú,2016-04,2016-03,2.85055297015143,3.1074338712958394,21,22.845031069822355,2.33,13.89
BBVA Perú,2016-05,2016-04,3.157197548716396,3.4106455356610947,19,22.54552305080521,2.36,13.77
BBVA Perú,2016-06,2016-05,3.253079675507486,3.1217086506762852,20,22.53170522784183,2.44,13.73
BBVA Perú,2016-07,2016-06,3.311024785125275,3.4168191395483585,18,22.19001638730142,2.49,13.82
BBVA Perú,2016-08,2016-07,3.451767025059013,3.4895994031936,23,21.857925012529165,2.43,14.38
BBVA Perú,2016-09,2016-08,3.381186174368789,3.3987971933026215,20,21.4451166011915,2.48,14.63
BBVA Perú,2016-10,2016-09,3.358996822760395,3.3879493990545972,20,21.424495979684643,2.45,14.66
BBVA Perú,2016-11,2016-10,3.357425097364809,3.3632785070003695,16,20.911507502382403,2.56,14.54
BBVA Perú,2016-12,2016-11,3.42930193504269,3.341585753282542,20,20.680617265972742,2.68,14.64
BBVA Perú,2017-01,2016-12,3.3788532010897554,3.4432085202012357,20,20.74768439928411,2.41,14.25
BBVA Perú,2017-02,2017-01,3.459015164870356,3.5183285692805706,18,20.427016681194743,2.79,14.7
BBVA Perú,2017-03,2017-02,3.3349050197463033,3.4948493615062293,22,20.284138310889592,2.83,14.95
BBVA Perú,2017-04,2017-03,3.7247001601342413,3.5692454767965787,14,20.40732459872175,2.73,14.98
BBVA Perú,2017-05,2017-04,3.6406879069013702,3.634985459339761,21,20.22907620537108,2.97,15.29
BBVA Perú,2017-06,2017-05,3.619938769356753,3.75681184022406,21,20.231397623403087,3.09,15.19
BBVA Perú,2017-07,2017-06,3.699192107759309,3.6323480322004498,17,19.76992686399005,2.92,15.08
BBVA Perú,2017-08,2017-07,3.5898680482175753,3.578678903457832,21,19.91185783007877,3.06,15.29
BBVA Perú,2017-09,2017-08,3.7259826862535133,3.818524524530619,19,19.832573982612747,3.07,15.2
BBVA Perú,2017-10,2017-09,3.732563108827223,3.7515955535317778,17,19.584714037821104,2.83,14.6
BBVA Perú,2017-11,2017-10,3.7316811772968967,3.7450254831042997,20,19.54365607728798,2.88,14.67
BBVA Perú,2017-12,2017-11,3.446800847980786,3.5150912070754954,16,19.368038615392592,2.87,14.35
BBVA Perú,2018-01,2017-12,3.6065344020620267,3.6183277889590033,19,19.51717953499709,2.68,14.2
BBVA Perú,2018-02,2018-01,3.516305480011082,3.47339879631256,16,19.5614292212327,2.87,14.35
BBVA Perú,2018-03,2018-02,3.4543622679131905,3.514748574339824,19,19.36395222111337,2.98,14.33
BBVA Perú,2018-04,2018-03,3.9000293243802604,3.951795144002964,19,19.28673655684192,2.83,14.98
BBVA Perú,2018-05,2018-04,3.9088382991560344,3.855326728614411,21,19.16639214714508,3.07,15.09
BBVA Perú,2018-06,2018-05,3.907506994144202,3.8948800327405397,20,19.303354156687263,3.15,14.94
BBVA Perú,2018-07,2018-06,3.831215976247881,3.819382720763806,21,19.415981134141145,2.95,14.79
BBVA Perú,2018-08,2018-07,3.7080534338947375,3.712352777645101,19,19.02865842464669,3.19,14.88
BBVA Perú,2018-09,2018-08,3.626726475848485,3.5576008764446447,15,18.858688604263897,3.35,15.02
BBVA Perú,2018-10,2018-09,3.515026692006509,3.4920990567098658,20,18.67642667756771,3.05,14.72
BBVA Perú,2018-11,2018-10,3.331749542751196,3.3946943394311075,20,18.808430961004422,3.16,14.6
BBVA Perú,2018-12,2018-11,3.352221528258065,3.3748375636951633,17,18.86645508009447,3.23,14.47
BBVA Perú,2019-01,2018-12,3.188333666207249,3.2189903163673192,21,18.97512786100961,2.94,14.95
BBVA Perú,2019-02,2019-01,3.1593232527206863,3.1954692076642086,18,18.883539316478117,3.09,15.01
BBVA Perú,2019-03,2019-02,3.213434306487607,3.2467578250247073,21,18.835249726261523,3.22,15.23
BBVA Perú,2019-04,2019-03,3.4799379498314993,3.370348401299334,19,18.83380826204341,2.99,14.82
BBVA Perú,2019-05,2019-04,3.2342318340613483,3.154583244054593,21,18.985823593734583,3.12,14.89
BBVA Perú,2019-06,2019-05,3.1651708615381113,3.180838022747588,19,19.05787723416863,3.32,14.76
BBVA Perú,2019-07,2019-06,3.1149906114821966,3.0502138421153573,21,19.208932124647184,3.13,14.56
BBVA Perú,2019-08,2019-07,2.912633710043044,2.9160518833495814,21,19.764827136761124,3.23,14.45
BBVA Perú,2019-09,2019-08,2.895596350811124,2.8566168568996075,19,19.8905357236024,3.23,14.21
BBVA Perú,2019-10,2019-09,2.8717784688127557,3.0386641821422438,18,20.02636983099653,3.09,13.95
BBVA Perú,2019-11,2019-10,2.928804066668126,2.878823760875335,18,19.691546014826844,3.18,14.5
BBVA Perú,2019-12,2019-11,2.8747421742107693,2.9005345861114913,20,19.449293444180157,3.12,13.96
BBVA Perú,2020-01,2019-12,2.8700253026532483,2.8350831615082983,21,18.77760584615899,3.02,14.05
BBVA Perú,2020-02,2020-01,2.779607348067104,2.7087564942399482,19,18.783540109914437,3.18,14.23
BBVA Perú,2020-03,2020-02,2.275871674120519,1.908866662665266,22,18.80631450618384,3.25,14.17
BBVA Perú,2020-04,2020-03,1.9062049559087597,1.91300909760081,20,18.463630754312256,3.14,14.01
BBVA Perú,2020-05,2020-04,2.0436293285137026,2.1275046466241205,19,16.841708272581812,3.69,14.04
BBVA Perú,2020-06,2020-05,2.240626976059636,2.2773421944627623,17,15.28919105604682,3.35,14.2
BBVA Perú,2020-07,2020-06,2.0847069466948556,2.0763004868213684,20,14.022397422738548,3.23,14.07
BBVA Perú,2020-08,2020-07,1.9892485040662742,1.9545195381412714,19,12.647115538728915,3.04,14.26
BBVA Perú,2020-09,2020-08,1.9799883865898327,1.9999045593702993,20,11.55829841238343,2.97,14.46
BBVA Perú,2020-10,2020-09,1.9470387740946964,1.8942361644507928,18,10.13060781530526,3.0,14.45
BBVA Perú,2020-11,2020-10,2.0069355002795146,2.1102762589333603,19,8.95880302615358,3.12,13.83
BBVA Perú,2020-12,2020-11,2.055370981850505,1.9849377006993087,20,7.9295740850554255,3.14,13.91
BBVA Perú,2021-01,2020-12,2.0887858353914197,2.2209452493712214,19,7.036435077704621,3.22,13.68
BBVA Perú,2021-02,2021-01,2.227745194568602,2.228246342498488,18,6.238456598878285,3.37,13.68
BBVA Perú,2021-03,2021-02,2.177834099719504,2.177442926332277,23,5.501364762168451,3.37,14.59
BBVA Perú,2021-04,2021-03,2.0738242232061226,1.8978578267059256,20,5.15243778582711,3.38,15.06
BBVA Perú,2021-05,2021-04,1.9027324422205656,1.9431702817323961,17,5.857478572461733,3.33,14.88
BBVA Perú,2021-06,2021-05,1.7732304483418109,1.802899238826508,20,6.464859337479672,3.27,14.47
BBVA Perú,2021-07,2021-06,1.7277274947865324,1.6710487338810056,19,7.300586729739542,3.26,14.59
BBVA Perú,2021-08,2021-07,1.4818242011523735,1.5784235052161408,19,8.252142611043471,3.41,14.5
BBVA Perú,2021-09,2021-08,1.591640492169565,1.5939177089380416,4,8.974269553145806,3.51,14.51
BBVA Perú,2021-10,2021-09,1.7985570518424734,1.8577104991785351,19,10.497646566461356,3.55,14.52
BBVA Perú,2021-11,2021-10,1.797457215137836,1.7605298691754603,18,13.464689812657667,3.61,14.31
BBVA Perú,2021-12,2021-11,1.6095944752292128,1.5994947451365997,21,14.694302825928904,3.68,14.13
BBVA Perú,2022-01,2021-12,1.6711573779363562,1.7454699086468208,20,16.290198230090052,3.7,14.13
BBVA Perú,2022-02,2022-01,1.7347412545823886,1.9066405781614464,19,16.927744177527323,3.95,13.97
BBVA Perú,2022-03,2022-02,1.8373563752967594,1.8908167088782566,18,17.663960422707508,4.0,14.06
BBVA Perú,2022-04,2022-03,1.822798048081395,1.6016374301015484,19,18.177635507697836,3.95,14.49
BBVA Perú,2022-05,2022-04,1.3949775349898885,1.341259072158799,21,18.74746793925375,3.97,14.35
BBVA Perú,2022-06,2022-05,1.4440175491148046,1.4802213956946866,19,19.790794567017823,3.96,14.5
BBVA Perú,2022-07,2022-06,1.4035730667180633,1.4381798872504605,15,20.321825184447214,4.02,14.35
BBVA Perú,2022-08,2022-07,1.409057767142008,1.3188450270596075,20,20.81491907138309,4.0,14.19
BBVA Perú,2022-09,2022-08,1.331648535642658,1.334495999557219,19,20.99848299650781,4.09,14.11
BBVA Perú,2022-10,2022-09,1.3574913450840782,1.4057224005414324,19,21.02695311495404,4.18,14.0
BBVA Perú,2022-11,2022-10,1.4070333277365588,1.34337657721302,20,19.41213269638364,4.29,13.92
BBVA Perú,2022-12,2022-11,1.3986160443596563,1.4604736237807814,19,19.02210917930315,4.3,13.94
BBVA Perú,2023-01,2022-12,1.4786443806955298,1.4597738017089086,19,18.205677967433807,4.37,13.96
BBVA Perú,2023-02,2023-01,1.4420060625270672,1.4541472847974806,18,18.454647240296357,4.54,16.3
BBVA Perú,2023-03,2023-02,1.4294262677119576,1.450464714040607,21,18.18696143602197,4.55,16.490000000000002
BBVA Perú,2023-04,2023-03,1.5681541991744823,1.4901012050073172,15,18.40476495362944,4.38,15.06
BBVA Perú,2023-05,2023-04,1.4498062071697526,1.501304464127972,20,18.56195764070747,4.38,15.36
BBVA Perú,2023-06,2023-05,1.494681337337597,1.5140922843200786,18,18.19833552000665,4.55,15.53
BBVA Perú,2023-07,2023-06,1.4337066113929209,1.4187668150359076,18,17.81149730047274,4.61,15.660210604964462
BBVA Perú,2023-08,2023-07,1.4121750152055161,1.4150798636026438,22,17.368385412383525,4.71,15.78615320713066
BBVA Perú,2023-09,2023-08,1.3472803873352674,1.3423254993096485,20,17.10361938689408,4.73,15.874657784367855
BBVA Perú,2023-10,2023-09,1.2683767531658323,1.248661048483151,19,16.828831285954767,4.67,15.874145146853444
BBVA Perú,2023-11,2023-10,1.229250541163235,1.2226059499231277,16,16.596077212851515,4.7700000000000005,15.56253758649431
BBVA Perú,2023-12,2023-11,1.303613934760777,1.393424516105281,16,16.399338960012848,4.84,15.584538476895736
BBVA Perú,2024-01,2023-12,1.3637919393551983,1.3805124152466368,20,16.107241644436098,4.71,15.587582546550346
BBVA Perú,2024-02,2024-01,1.4191267927452407,1.439233765783651,16,15.479843214483983,4.89,15.759478012856729
BBVA Perú,2024-03,2024-02,1.4541735217621774,1.4348110388622795,17,15.037328865845934,4.93,16.04185245621433
BBVA Perú,2024-04,2024-03,1.3042319007079395,1.309823959687126,21,14.561409311995716,4.65,15.147961960282377
BBVA Perú,2024-05,2024-04,1.285658149062513,1.2928762003585108,21,14.270129623952965,4.73,15.567470099064447
BBVA Perú,2024-06,2024-05,1.2260315002807076,1.1716216769288803,17,13.823247391543234,4.83,16.093006296509728
BBVA Perú,2024-07,2024-06,1.1776164602910768,1.1789263772156138,20,13.82954380824616,4.54,15.938616393668775
BBVA Perú,2024-08,2024-07,1.1183496002414588,1.0984758563898922,19,13.911143296323896,4.57,16.06815197574966
BBVA Perú,2024-09,2024-08,1.1104498802271807,1.138274383357769,20,13.954878807765796,4.29,16.300498105775944
BBVA Perú,2024-10,2024-09,1.1808537445697769,1.1868899933123827,22,13.849240927938917,4.2,15.660495425327808
BBVA Perú,2024-11,2024-10,1.183510561314283,1.180035981287786,19,13.928822042089289,4.07,15.688982190863316
BBVA Perú,2024-12,2024-11,1.1809287302925786,1.2072616019609772,20,14.50584510702115,3.93,15.805888163734194
BBVA Perú,2025-01,2024-12,1.170692002696888,1.1722869541350192,20,15.104352439807831,3.72,15.94723100387869
BBVA Perú,2025-02,2025-01,1.1444781893376812,1.132247141891117,18,15.532942420517914,3.75,16.281347564942696
BBVA Perú,2025-03,2025-02,1.162693216868002,1.191315710600052,20,16.06186084965897,3.64,16.53429273181124
BBVA Perú,2025-04,2025-03,1.202022040242525,1.1741953158595215,18,16.22654024137794,3.59,15.374385208037666
BBVA Perú,2025-05,2025-04,1.194945775561438,1.2191676259784483,17,16.24415758036427,3.51,15.488633821815784
BBVA Perú,2025-06,2025-05,1.123371751160732,1.1302012098222967,17,16.590278011707092,3.48,15.579806563776428
BBVA Perú,2025-07,2025-06,1.1187717883773782,1.1097228780197328,19,16.729192306154474,3.38,15.73837551361943
BBVA Perú,2025-08,2025-07,1.1020387932832902,1.1281316546254974,20,17.116136133372468,3.45,15.76098213074499
BBVA Perú,2025-09,2025-08,1.109375689009241,1.1053946796313388,17,17.650135757154136,3.35,15.9456335112501
BBVA Perú,2025-10,2025-09,1.0851071888205512,1.0861147154054,22,17.905556149738054,3.3000000000000003,15.85922255083644
BBVA Perú,2025-11,2025-10,1.082174788483642,1.1001982350008161,19,17.97612664280844,3.25,15.79123856753222
BBVA Perú,2025-12,2025-11,1.1789859118562982,1.2931327835947188,18,17.585229043755852,3.0700000000000003,15.814108417460318
BCP,2010-02,2010-01,3.2420589396333703,3.1874934799414736,4,19.131574887477285,1.45,14.33
BCP,2010-03,2010-02,3.415328358924265,3.6769918764067495,17,16.38061597400005,1.5,14.67
BCP,2010-04,2010-03,3.9639950142167377,3.9034825556270096,15,17.658451025889317,1.61,14.48
BCP,2010-05,2010-04,3.6402115079166513,3.53592850345159,17,21.12147893928277,1.65,14.17
BCP,2010-06,2010-05,3.4627024800770636,3.486926469833195,14,21.037397216865788,1.55,13.99
BCP,2010-07,2010-06,3.330484328956011,3.303625198217725,10,20.78519832731704,1.5,13.62
BCP,2010-08,2010-07,3.1945935246752324,3.2884512501060272,15,21.63685101007992,1.64,14.23
BCP,2010-09,2010-08,3.7157742589719627,3.993934027277115,19,22.97828807187562,1.65,14.0
BCP,2010-10,2010-09,3.6758647469824455,3.650311977379693,16,24.140045687449344,1.49,13.89
BCP,2010-11,2010-10,3.771599397552733,3.8471754650890735,18,24.16141180018285,1.5,13.3
BCP,2010-12,2010-11,3.7327037770495606,3.7373456474366007,11,24.78023182959652,1.45,13.18
BCP,2011-01,2010-12,3.828029034964753,4.155881924982527,17,24.13845775182973,1.35,12.84
BCP,2011-02,2011-01,3.8830916352992,3.5614751079982145,16,24.5232046655716,1.41,12.89
BCP,2011-03,2011-02,3.615485220493241,3.731475538778875,15,25.049190065839557,1.39,12.92
BCP,2011-04,2011-03,3.5070993638550547,3.3123374247956514,7,26.14980977009129,1.45,13.72
BCP,2011-05,2011-04,3.2826045900913985,3.292010818550382,11,24.437728468793185,1.37,13.37
BCP,2011-06,2011-05,3.205257240083977,3.1352317396510556,16,24.23669031943349,1.38,13.13
BCP,2011-07,2011-06,3.078928102232617,3.200539332542649,12,24.26881755049396,1.42,13.53
BCP,2011-08,2011-07,2.7950739634934694,2.730836145080144,15,24.557789596889005,1.43,13.15
BCP,2011-09,2011-08,2.648531964745665,2.6181393055677336,13,24.76670422986148,1.46,13.12
BCP,2011-10,2011-09,2.632037100474734,2.6446104435218625,10,24.908519162075123,1.46,14.79
BCP,2011-11,2011-10,2.5525749592177784,2.5553677674695727,9,24.98174733576343,1.5,14.84
BCP,2011-12,2011-11,2.517223969856028,2.520437907708932,9,25.02437172622996,1.46,14.48
BCP,2012-01,2011-12,2.4819733035161295,2.4782496922127852,12,24.891249887695928,1.42,14.53
BCP,2012-02,2012-01,2.499953077001954,2.6456200786712842,7,25.008177506020512,1.46,13.95
BCP,2012-03,2012-02,2.711834970156384,2.87722145411735,9,24.97164231476375,1.52,14.13
BCP,2012-04,2012-03,3.2187614434631606,3.1982602772356588,10,24.647784631417128,1.59,15.35
BCP,2012-05,2012-04,3.088984759906594,3.1312917933468247,13,24.759647064260456,1.64,16.76
BCP,2012-06,2012-05,3.1043448424143043,3.081359383522394,8,24.78627973407233,1.65,16.26
BCP,2012-07,2012-06,3.0410587243858433,3.0481366050745913,9,24.02679428998773,1.69,15.91
BCP,2012-08,2012-07,2.9724677814578926,2.969731472856591,14,23.828659649717192,1.69,14.66
BCP,2012-09,2012-08,2.9411838408914313,2.9192115326309342,9,23.531648643747783,1.72,14.51
BCP,2012-10,2012-09,2.795926603704666,2.7724030457430713,11,22.80446222407437,1.67,14.11
BCP,2012-11,2012-10,2.6428053093019352,2.677599112619377,9,22.57700401070907,1.78,13.71
BCP,2012-12,2012-11,2.664606787006472,2.7202120138411447,7,22.243676709162926,1.78,14.49
BCP,2013-01,2012-12,3.038833880060738,3.215307668989179,13,22.409794351714982,1.68,14.72
BCP,2013-02,2013-01,3.093639844248236,3.357676330027651,11,22.415558862225645,1.79,14.5
BCP,2013-03,2013-02,3.3920123167614253,3.2626927573802256,11,21.908422245271343,1.83,14.2
BCP,2013-04,2013-03,3.2896694926451184,3.147494082655038,14,21.85450170195631,1.98,14.65
BCP,2013-05,2013-04,3.028010258268008,2.9899733266664787,18,21.967925172118765,2.03,15.21
BCP,2013-06,2013-05,3.0131759755497822,3.0217486565432354,18,22.064073638579973,2.11,14.98
BCP,2013-07,2013-06,2.804760360175974,2.669245388641731,15,21.873093108987483,2.09,15.06
BCP,2013-08,2013-07,2.6220263378033115,2.57496813643851,16,21.78427160916503,2.1,14.61
BCP,2013-09,2013-08,2.5972083343391366,2.5898841317625383,17,21.64311975165652,2.15,14.4
BCP,2013-10,2013-09,2.465088839353641,2.548714723783032,14,21.638719936107343,2.18,14.12
BCP,2013-11,2013-10,2.4513303169037415,2.3827780877748173,14,21.59577758392631,2.23,13.96
BCP,2013-12,2013-11,2.3955678597723464,2.5541770210271744,13,21.68051985157473,2.26,14.5
BCP,2014-01,2013-12,2.54650930787721,2.4132056943555105,18,21.815535895179764,2.27,14.46
BCP,2014-02,2014-01,2.454657274936759,2.4833806164793093,13,21.98543298633311,2.36,15.07
BCP,2014-03,2014-02,2.388376789623602,2.3594558947517617,15,21.67178978022256,2.26,14.92
BCP,2014-04,2014-03,2.4791736123041352,2.6493359219730697,19,21.580959127467143,2.42,15.07
BCP,2014-05,2014-04,2.73704757126093,2.8579789680631476,20,20.92543856367965,2.38,15.03
BCP,2014-06,2014-05,2.7866485549372406,2.8301161048515926,17,20.40904866173724,2.45,14.95
BCP,2014-07,2014-06,2.7555615903525004,2.720456441427772,17,20.994624152072,2.43,14.58
BCP,2014-08,2014-07,2.675130973435887,2.6321405057500455,20,21.50881835571325,2.39,13.65
BCP,2014-09,2014-08,2.5829554516146276,2.5807822038243127,19,21.688773580426933,2.43,13.73
BCP,2014-10,2014-09,2.4982362830740716,2.5103342169524967,20,22.111763722451222,2.37,14.78
BCP,2014-11,2014-10,2.4414968863004423,2.4687835514596683,19,22.38636670178876,2.31,14.98
BCP,2014-12,2014-11,2.507213781780312,2.5961356093451395,16,21.827237269263616,2.31,14.79
BCP,2015-01,2014-12,2.717782782421434,2.784845063954408,19,21.373056285565227,2.3,14.45
BCP,2015-02,2015-01,2.7143950915754145,2.6702099433026865,15,23.892944906099533,2.37,14.15
BCP,2015-03,2015-02,2.652933419204696,2.6205832221932615,16,24.26245988180805,2.34,14.26
BCP,2015-04,2015-03,2.661061706714322,2.652393779496315,18,24.448718866731596,2.31,14.55
BCP,2015-05,2015-04,2.7172167095186626,2.6049948209153473,19,24.7008380990901,2.32,14.49
BCP,2015-06,2015-05,2.5213894818625104,2.52455235930647,16,25.33804753460713,2.36,14.42
BCP,2015-07,2015-06,2.3800359786132512,2.4839954382517315,18,25.48675376085813,2.43,14.38
BCP,2015-08,2015-07,2.072737060420934,1.9497196440188251,14,25.060525923438483,2.46,14.4
BCP,2015-09,2015-08,1.8315130632809873,1.8052449874630077,19,24.988085709349992,2.39,14.0
BCP,2015-10,2015-09,1.9186844666324576,1.9370075940753404,14,24.83111481234406,2.36,13.89
BCP,2015-11,2015-10,2.0644732116265176,2.087126383094948,20,25.080022888546928,2.47,14.12
BCP,2015-12,2015-11,1.9910958322596066,1.923804474728354,15,25.5484078819764,2.53,14.02
BCP,2016-01,2015-12,1.816540734448183,1.8165406263643455,12,25.761497035108462,2.43,14.34
BCP,2016-02,2016-01,1.9865983598705967,2.1691258457808993,15,23.44872761594447,2.53,14.12
BCP,2016-03,2016-02,2.0599273568133953,2.0410285444966196,18,23.654810117205116,2.51,14.3
BCP,2016-04,2016-03,2.462214882710083,2.6348892137374684,20,23.38402638854502,2.58,15.0
BCP,2016-05,2016-04,2.7760621617439503,2.862709296424495,18,23.252642857690404,2.72,15.12
BCP,2016-06,2016-05,2.6379476462405727,2.575494996796391,17,23.960164733049684,2.82,15.73
BCP,2016-07,2016-06,2.696358320564968,2.9289517384019255,17,23.52133151130212,2.74,15.76
BCP,2016-08,2016-07,2.810074558660013,2.7737902686457185,22,23.363216077217807,2.76,15.67
BCP,2016-09,2016-08,2.6712650360219046,2.643146243155489,17,23.31115472501523,2.8,15.65
BCP,2016-10,2016-09,2.516274767184616,2.5313749615592163,20,23.618240351965365,2.74,15.56
BCP,2016-11,2016-10,2.5431523711114647,2.614740452046584,15,23.60488535297567,2.83,15.7
BCP,2016-12,2016-11,2.7023925476474084,2.942589185168464,15,23.603286642274742,2.79,15.54
BCP,2017-01,2016-12,2.889805534276965,3.065295499303549,18,23.49324432213414,2.71,15.35
BCP,2017-02,2017-01,3.02090090578966,3.0523221752069034,17,23.549868682333265,2.77,15.59
BCP,2017-03,2017-02,3.0417739549122764,3.1087116269032062,20,22.848044062173035,2.79,15.46
BCP,2017-04,2017-03,3.4015365613026214,3.155411436893832,14,22.88268371669128,2.94,16.73
BCP,2017-05,2017-04,3.130928533704916,3.129508300313222,19,22.81455321201791,2.89,16.56
BCP,2017-06,2017-05,3.133084730192792,3.253045079231873,17,22.12183295212761,2.91,16.69
BCP,2017-07,2017-06,3.1243201112754786,3.155484205445195,17,22.373459467718064,2.9,16.49
BCP,2017-08,2017-07,3.133387002952074,3.197916279544591,20,22.42877320357128,2.9,16.26
BCP,2017-09,2017-08,3.2882675058615463,3.3343399147452164,17,22.54067914785352,2.93,16.49
BCP,2017-10,2017-09,3.375953354180937,3.4104242469492787,15,22.072160291740754,2.99,16.35
BCP,2017-11,2017-10,3.3089307210652454,3.3044694100690153,17,21.52171948875897,3.0,15.6
BCP,2017-12,2017-11,3.1687419316017373,3.192389087614476,18,21.417743736780665,2.96,15.48
BCP,2018-01,2017-12,3.255047270498453,3.3191472528321,19,21.31526335252491,2.97,15.05
BCP,2018-02,2018-01,3.219871919099904,3.2483270058615856,16,21.202836134606432,2.96,15.22
BCP,2018-03,2018-02,3.2024131866934376,3.237258955889484,18,21.29404804276588,3.19,14.98
BCP,2018-04,2018-03,3.571243691992447,3.525092797183754,18,21.637133021501032,2.86,15.91
BCP,2018-05,2018-04,3.562168956304614,3.6526365671288015,19,21.77800324949245,2.86,15.67
BCP,2018-06,2018-05,3.6024646691992417,3.733623176703206,16,21.71875310676433,2.89,15.64
BCP,2018-07,2018-06,3.533326364267963,3.516403794060913,20,21.51053240582495,2.9,15.07
BCP,2018-08,2018-07,3.3703538612946247,3.3447761823016653,20,21.534483966982407,2.94,15.23
BCP,2018-09,2018-08,3.271846170739914,3.2004367223714323,17,21.320977136256985,2.93,15.07
BCP,2018-10,2018-09,3.0815335426887986,3.064767284696244,22,21.304607809740418,2.91,14.94
BCP,2018-11,2018-10,2.9890975770139474,3.0459095223236856,19,21.330794441743063,2.88,14.68
BCP,2018-12,2018-11,3.0973243264218504,3.0768702938263517,18,21.19249860600885,2.81,14.51
BCP,2019-01,2018-12,3.036996505137469,3.0773381820239836,20,21.273876551677223,2.66,14.17
BCP,2019-02,2019-01,3.092908485196414,3.032002554942455,19,21.446596791336,2.8,14.15
BCP,2019-03,2019-02,2.9908968018872644,3.0324060550590937,20,21.512079380032603,2.76,14.26
BCP,2019-04,2019-03,3.273330772584061,3.1833932366152924,19,21.01762278284105,2.74,15.49
BCP,2019-05,2019-04,3.1359912209715795,3.1225696897479125,19,21.326488708561936,2.83,15.44
BCP,2019-06,2019-05,3.0854913382620874,3.1551137835621836,19,21.11839466807464,2.85,15.27
BCP,2019-07,2019-06,3.0760911940084545,3.0323553929548424,20,21.125649810354403,2.87,14.95
BCP,2019-08,2019-07,2.8871038613741176,2.848312552926651,21,21.03666167016569,2.91,14.84
BCP,2019-09,2019-08,2.8374204340693256,2.8730166604851726,19,21.1590789786022,2.85,14.8
BCP,2019-10,2019-09,3.003939483968183,3.016473205828081,19,21.066520419027608,2.83,15.45
BCP,2019-11,2019-10,2.936882993953881,2.9319190142125877,18,20.923087205820597,2.76,15.28
BCP,2019-12,2019-11,2.885536815036138,2.9679803795230315,17,20.9142378808465,2.71,14.55
BCP,2020-01,2019-12,2.923863683647918,2.8698842012422223,20,20.413076704830555,2.71,14.47
BCP,2020-02,2020-01,2.803110115727227,2.7612199294059603,18,20.143310361338024,2.81,14.06
BCP,2020-03,2020-02,2.6712229308008775,2.5195813398861664,18,20.138834849978508,2.71,13.86
BCP,2020-04,2020-03,2.5338177300645204,2.500307425507365,14,18.400691854371694,2.81,13.52
BCP,2020-05,2020-04,2.6139365302797293,2.491269419334079,14,16.620317663578472,2.92,14.52
BCP,2020-06,2020-05,2.5631461548124714,2.653101846423297,19,15.116634333144871,2.54,14.64
BCP,2020-07,2020-06,2.4654635147001263,2.400242644499745,19,13.58982364281629,2.67,14.8
BCP,2020-08,2020-07,2.3769243820117407,2.355545925872158,14,11.931270358227458,2.71,15.11
BCP,2020-09,2020-08,2.483974227626771,2.491544434225044,13,10.062646493869348,2.79,15.32
BCP,2020-10,2020-09,2.393055189212998,2.232311281538893,14,8.585633547503605,2.88,15.39
BCP,2020-11,2020-10,2.2072884915952473,2.2052855096927555,18,7.155764567494109,3.04,15.24
BCP,2020-12,2020-11,2.278519676641063,2.2639973371861135,16,5.629182893741145,3.19,15.17
BCP,2021-01,2020-12,2.2965992833740803,2.301024366064027,16,4.47147172906681,3.2,14.93
BCP,2021-02,2021-01,2.299113231387791,2.25267882108593,19,3.7065564939257487,3.1,14.91
BCP,2021-03,2021-02,2.253681418458763,2.3059548158761953,22,2.8401084519768,3.09,14.92
BCP,2021-04,2021-03,1.9825182831465484,1.5921147734107388,19,3.4849625037237675,3.07,16.46
BCP,2021-05,2021-04,1.6349941179571974,1.6395486559558001,20,4.515984377789609,2.94,15.6
BCP,2021-06,2021-05,1.3805380586059466,1.304071901847511,20,5.772894757033869,2.95,15.51
BCP,2021-07,2021-06,1.400723964280056,1.3960734564136066,19,6.743012538644938,3.09,15.34
BCP,2021-08,2021-07,1.22999633208133,1.3052507637098199,21,8.354565506049589,3.24,15.14
BCP,2021-09,2021-08,1.4385001165020501,1.445466178692952,5,9.869515602215198,3.31,15.18
BCP,2021-10,2021-09,1.5366874140047937,1.6450762829817756,18,10.988376687215196,3.47,15.16
BCP,2021-11,2021-10,1.6048968712978238,1.6182836355946613,20,12.497823693824136,3.62,15.31
BCP,2021-12,2021-11,1.582969071280718,1.648630161483265,20,14.18546662898038,3.82,15.15
BCP,2022-01,2021-12,1.710671630235645,1.785048628913875,18,15.938020477993453,3.73,14.94
BCP,2022-02,2022-01,1.7053952523968916,1.6590317610347483,17,16.53104934518495,3.9,14.82
BCP,2022-03,2022-02,1.7222048565824053,1.8293428947319583,19,17.497788820389694,3.9,14.83
BCP,2022-04,2022-03,1.8536243952985383,1.7584535647329758,13,18.936908530324708,3.92,15.79
BCP,2022-05,2022-04,1.6370816810368123,1.5461724358407332,16,19.3137286864668,3.89,15.7
BCP,2022-06,2022-05,1.5019891742079565,1.533229418074234,16,19.50981247533407,3.98,15.59
BCP,2022-07,2022-06,1.4280663103693005,1.4415311055733826,14,20.168776517334223,3.97,15.23
BCP,2022-08,2022-07,1.5320463317295592,1.571332722885559,18,20.430215874485157,3.85,15.02
BCP,2022-09,2022-08,1.4559076103711974,1.4024798241643677,15,20.9333031079397,3.96,15.01
BCP,2022-10,2022-09,1.3683127665553088,1.3864814300576966,19,21.807053142768453,4.04,14.93
BCP,2022-11,2022-10,1.4662490257956882,1.4121332281043681,18,21.860931051223638,4.03,14.55
BCP,2022-12,2022-11,1.3955178493288813,1.460253804081502,19,21.844327735478537,4.08,14.49
BCP,2023-01,2022-12,1.4884525136273314,1.4998471662572566,17,21.53804986310625,3.96,14.43
BCP,2023-02,2023-01,1.4378862192590427,1.4080995222881416,18,22.09296791706788,4.02,17.54
BCP,2023-03,2023-02,1.3919281086109296,1.49297029982223,20,21.958064869871297,4.05,17.84
BCP,2023-04,2023-03,1.6895509693298605,1.5498311184688778,15,22.12948920399829,3.99,16.45
BCP,2023-05,2023-04,1.54117002038983,1.5843803090799542,18,22.25847537967474,4.02,16.46
BCP,2023-06,2023-05,1.5302848363745212,1.5341296027849531,19,22.70570976363834,4.1,16.83
BCP,2023-07,2023-06,1.5105097889231172,1.5283126215846432,16,23.0221457008042,4.11,17.201854577630268
BCP,2023-08,2023-07,1.5003245187082241,1.483672941034109,21,22.800775925561474,4.33,17.374581866029935
BCP,2023-09,2023-08,1.4546123134107671,1.4242140789975846,15,22.49585996096177,4.46,17.538994059730133
BCP,2023-10,2023-09,1.421232431061378,1.3947325381095872,16,21.820430740845183,4.41,17.512233884021473
BCP,2023-11,2023-10,1.424671334414997,1.4215249784429471,18,21.526887344882645,4.5,17.168714420761717
BCP,2023-12,2023-11,1.4798137102611677,1.5412079665278793,13,21.21886227537203,4.38,17.537329347810772
BCP,2024-01,2023-12,1.5112380859178662,1.5313798842393873,18,20.693698620535983,4.21,17.457663793169704
BCP,2024-02,2024-01,1.5762468560042053,1.6654684415621657,16,20.541820890694726,4.34,18.017507716926545
BCP,2024-03,2024-02,1.6294677234359394,1.679302092338285,18,20.55374572904926,4.23,18.26307425954132
BCP,2024-04,2024-03,1.9709085777632367,1.7636218417132865,20,20.094650916161942,4.37,16.1214494123385
BCP,2024-05,2024-04,1.8477393159083053,1.917881271105097,21,20.22895752330244,4.15,15.9862988803988
BCP,2024-06,2024-05,1.8948901419046413,1.9042940541638131,15,20.02797825363608,4.14,16.199851878660326
BCP,2024-07,2024-06,1.9400580299430583,1.9806653239551837,19,19.92332359219454,4.09,16.240168628735685
BCP,2024-08,2024-07,1.8649434770115565,1.8811287268954302,17,20.39427712423003,4.24,16.698806453269626
BCP,2024-09,2024-08,1.8055475497185922,1.8325140846201955,18,20.783403388677737,4.19,17.154236557892123
BCP,2024-10,2024-09,1.926314722407713,2.059012850624438,17,21.384577685315563,4.13,18.961627528161927
BCP,2024-11,2024-10,2.0714837020526424,2.155137056435188,19,21.513096238905607,4.01,18.54874734447832
BCP,2024-12,2024-11,2.1074779025767887,2.114526295835076,18,21.5431356853676,3.75,18.46347228317645
BCP,2025-01,2024-12,2.058209184753005,2.021289456349165,19,22.226993013112654,3.56,18.70665792718404
BCP,2025-02,2025-01,2.023015654131328,2.0323519406085544,19,22.605219662664357,3.5,19.09111564295394
BCP,2025-03,2025-02,2.0240089926887275,2.1294932658278865,20,22.832912192655957,3.39,19.21987748008622
BCP,2025-04,2025-03,2.512822263880949,2.549884652264517,20,23.26605671987529,3.5500000000000003,16.865446536301196
BCP,2025-05,2025-04,2.5142468561909928,2.5211859668350844,15,23.48235994329812,3.47,18.55247316546746
BCP,2025-06,2025-05,2.56903334104555,2.589084615058293,16,24.11113162556495,3.47,18.871917279261645
BCP,2025-07,2025-06,2.646621182784757,2.491508932382977,18,24.83467123914692,3.44,17.334581257170893
BCP,2025-08,2025-07,2.47983592306777,2.4963716777709064,20,24.918059697099835,3.45,17.43230800902906
BCP,2025-09,2025-08,2.43861188295011,2.4151886765201502,16,24.84124432998628,3.38,17.546180492040815
BCP,2025-10,2025-09,2.3715393827865863,2.3431832351355415,22,24.927665148972167,3.33,17.715357458951
BCP,2025-11,2025-10,2.3179477455717317,2.3819064791211852,18,25.58506866104932,3.29,18.859140527798612
BCP,2025-12,2025-11,2.4700007464801264,2.7293630131249103,18,26.066134627918565,3.23,18.92305037518979
Interbank,2010-01,2009-12,2.6287046858126195,2.6900256397797495,5,36.74741639386354,1.49,11.54
Interbank,2010-02,2010-01,2.482864628800081,2.431376370009025,5,37.06180003760466,1.55,11.73
Interbank,2010-03,2010-02,2.654700442809237,2.921575055265163,6,36.70994864314779,1.58,11.66
Interbank,2010-11,2010-10,3.5427032358807002,3.575205346074044,10,33.342875218811976,1.56,14.96
Interbank,2010-12,2010-11,3.691853176016096,4.018319053128023,9,32.86879228238951,1.55,14.42
Interbank,2011-01,2010-12,3.83707107454144,3.9402684182129737,10,33.68966322347083,1.52,14.43
Interbank,2011-02,2011-01,3.933152379582586,3.9559752212531123,8,33.2483573302056,1.65,14.05
Interbank,2011-03,2011-02,3.6425862657815378,3.653877856973027,7,33.10011953336046,1.53,14.07
Interbank,2011-11,2011-10,2.8356789192965195,2.8472533694386346,3,33.33538514239345,1.6,14.39
Interbank,2011-12,2011-11,2.899096967465615,2.899096967465615,3,32.99685845151552,1.66,14.36
Interbank,2012-01,2011-12,2.8537092321240953,2.8537092321240953,2,31.40288437113809,1.5,13.67
Interbank,2012-02,2012-01,2.860065095466839,2.860065095466839,3,31.33372644970962,1.65,14.03
Interbank,2012-03,2012-02,3.052597980734631,3.1771932213806613,4,31.23501529723732,1.71,13.91
Interbank,2012-11,2012-10,3.0638088803512433,3.046301016428253,8,27.757407864323767,1.84,13.68
Interbank,2012-12,2012-11,3.009238379290825,3.009238379290825,7,27.318145829438624,1.77,13.52
Interbank,2013-01,2012-12,3.0951408617260245,3.1018116162534044,5,26.82726931621236,1.84,13.28
Interbank,2013-11,2013-10,2.813126052857204,2.803289525517322,6,26.103127513934357,1.77,13.44
Interbank,2013-12,2013-11,2.6242026064012647,2.660649773934519,2,26.235549090619248,1.75,13.13
Interbank,2014-01,2013-12,2.7399391593230598,2.7501439964182155,7,26.48909788855612,1.75,13.39
Interbank,2014-02,2014-01,2.6721968443432775,2.6768930195341527,6,26.378783809690347,1.88,13.61
Interbank,2014-03,2014-02,2.5906208093761345,2.5547166464803994,5,26.355255676895997,1.91,13.54
Interbank,2014-04,2014-03,3.010403298398757,3.0335556124216203,12,25.74527214310944,1.88,16.76
Interbank,2014-05,2014-04,3.1155984940168415,3.0676025297317984,14,25.60669249921287,1.9,16.4
Interbank,2014-06,2014-05,2.963903342055289,2.964802883756536,11,24.753596427395912,1.94,16.22
Interbank,2014-07,2014-06,3.0278616989215363,3.110343074515607,13,24.68990754575341,1.91,15.82
Interbank,2014-08,2014-07,3.0386254065282414,3.1024283848317107,11,24.838572371649697,1.94,15.47
Interbank,2014-09,2014-08,3.04345465465901,3.0590618807504018,3,24.980390936300225,1.91,15.89
Interbank,2014-10,2014-09,2.818117878422997,2.799899744047017,8,25.048402054889905,2.0,15.79
Interbank,2014-11,2014-10,2.7370375277658168,2.7370375277658168,8,25.20982299841591,2.03,15.76
Interbank,2014-12,2014-11,2.7006820356407744,2.7264732727618273,6,25.377300052017297,2.09,15.72
Interbank,2015-01,2014-12,2.8206705373457055,2.8206705373457055,2,25.325876403669863,2.49,15.16
Interbank,2015-02,2015-01,2.7130515848191585,2.709568900720752,4,25.97031614821896,2.5,14.9
Interbank,2015-03,2015-02,2.6160265699675698,2.6324370553885554,5,26.04687243218573,2.54,14.95
Interbank,2015-04,2015-03,2.920562760545379,2.8491483625874645,5,26.33485924736039,2.28,16.71
Interbank,2015-05,2015-04,2.801571936672636,2.8214665955674265,4,26.58550844296604,2.29,16.54
Interbank,2015-06,2015-05,2.7973318542792938,2.8524514253649427,3,26.55229845179156,2.31,16.29
Interbank,2015-07,2015-06,2.7982310775883077,2.7900963038614788,2,26.73586217698019,2.41,16.51
Interbank,2015-08,2015-07,2.62834217635123,2.548694996394064,4,26.613046594202817,2.41,16.14
Interbank,2015-09,2015-08,2.6591458033726814,2.688801559220598,4,26.87683599789997,2.45,15.87
Interbank,2015-10,2015-09,2.606185068650815,2.5907183684626687,4,27.25504054334837,2.32,15.6
Interbank,2015-11,2015-10,2.483008588330999,2.43491210929604,5,27.336599200444244,2.2,15.88
Interbank,2016-01,2015-12,2.2615080557964515,2.2615080557964515,1,26.3048764131366,2.35,15.53
Interbank,2016-02,2016-01,2.2311081199777356,2.2311081199777356,3,25.955093061833303,2.36,15.19
Interbank,2016-03,2016-02,2.341121535702654,2.5222798343857824,8,25.568267042214693,2.52,15.12
Interbank,2016-04,2016-03,2.747440879844665,2.6987132705959076,8,25.364908411690053,2.49,16.39
Interbank,2016-05,2016-04,2.9575114213892113,3.55682634110816,8,25.169825484057657,2.43,16.63
Interbank,2016-06,2016-05,2.941766584687684,2.941766584687684,3,24.718055544975535,2.66,16.5
Interbank,2016-07,2016-06,2.8236207058398417,2.8845617305175217,2,24.400229745408623,2.67,16.24
Interbank,2016-08,2016-07,2.7820139644367377,2.762283768992548,4,23.96651295898021,2.58,16.32
Interbank,2016-09,2016-08,2.6864068271041464,2.6551697862996817,4,22.98450033446905,2.73,16.06
Interbank,2016-10,2016-09,2.5130112273322025,2.403484924279029,5,22.667941356305587,2.62,16.12
Interbank,2016-11,2016-10,2.4595466835188255,2.4713148273370997,7,22.471700087707564,2.69,15.9
Interbank,2016-12,2016-11,2.4895594020471683,2.5990856472319996,6,22.311622692186493,2.74,16.11
Interbank,2017-01,2016-12,2.6302833128310334,2.6736398288913232,4,22.97639686924889,2.64,15.9
Interbank,2017-02,2017-01,3.0552974439069693,3.051740708612836,2,22.324439175919373,2.76,15.76
Interbank,2017-03,2017-02,2.9772204144925793,2.9684687065161466,8,22.04888621083755,2.74,15.66
Interbank,2017-04,2017-03,3.212740321314326,3.206704627745029,5,21.58405635577119,2.75,17.1
Interbank,2017-05,2017-04,3.1648674162305888,3.2965966445247057,12,21.282425133756284,2.75,17.02
Interbank,2017-06,2017-05,3.1190331237061715,3.0877380909972527,4,21.253919963884154,2.86,16.81
Interbank,2017-07,2017-06,3.156832827812713,3.1978305299335603,2,21.16453343225934,2.81,16.63
Interbank,2017-08,2017-07,3.1489670374652317,3.1690239383834196,2,21.131211383524217,2.82,16.64
Interbank,2017-09,2017-08,3.1580184260729354,3.144881949957382,6,21.171684799471723,2.88,16.52
Interbank,2017-10,2017-09,3.1550006509453126,3.1930124430850957,8,20.74340505584725,2.84,16.48
Interbank,2017-11,2017-10,3.19681665531841,3.2657363625245965,7,20.482827956214667,2.98,16.21
Interbank,2018-01,2017-12,3.178501295171691,3.1748521355560846,8,20.616279919396533,2.85,16.07
Interbank,2018-02,2018-01,3.135782441953315,3.135782441953315,5,21.993419618490197,2.9,16.35
Interbank,2018-03,2018-02,3.1154522813448406,3.119012750717813,6,21.984547679022707,2.94,16.35
Interbank,2018-04,2018-03,3.3118813175326167,3.3128378014084516,8,21.860237470428277,2.74,17.52
Interbank,2018-05,2018-04,3.7042126562320274,3.92071095936498,9,21.65805965922694,2.72,16.87
Interbank,2018-06,2018-05,3.5958281449860214,3.5370173000077454,9,21.882189410633707,2.72,17.02
Interbank,2018-07,2018-06,3.5163530821623086,3.5151712887230517,7,21.973269545186884,2.72,16.68
Interbank,2018-08,2018-07,3.4464051428347644,3.448024019628826,5,21.79038711707709,2.7,16.61
Interbank,2018-09,2018-08,3.394558792042311,3.3985381525183924,6,21.795850960859116,2.69,16.53
Interbank,2018-10,2018-09,3.418882987971538,3.452888750008284,3,21.83269520721788,2.62,16.24
Interbank,2018-11,2018-10,3.2388098406376553,3.413356100839759,8,21.761878622735797,2.67,16.12
Interbank,2018-12,2018-11,3.1675220629883833,3.184623528185192,4,21.84180381659361,2.65,16.21
Interbank,2019-01,2018-12,3.2232956941051922,3.2770480598428193,8,21.276506196100566,2.64,15.79
Interbank,2019-02,2019-01,3.260796499218322,3.2724318890737294,5,19.91793799190828,2.65,15.63
Interbank,2019-03,2019-02,3.199542022001057,3.1751179534532605,5,19.88118674113113,2.58,15.35
Interbank,2019-04,2019-03,3.495024406014425,3.4912215599183263,6,20.681382473409887,2.61,16.43
Interbank,2019-05,2019-04,3.7623755555833713,3.781748547734351,9,20.64227589526289,2.66,16.37
Interbank,2019-06,2019-05,3.639719622212486,3.535727224919538,8,20.448029204914285,2.67,16.23
Interbank,2019-07,2019-06,3.482032303080216,3.4209438762625455,4,20.68803332575247,2.67,16.08
Interbank,2019-08,2019-07,3.3633641509897974,3.351366466223519,6,22.73898549834955,2.7,16.0
Interbank,2019-09,2019-08,3.2704567766163133,3.2782808087448996,7,22.70583286798659,2.74,15.6
Interbank,2019-10,2019-09,3.261437021331201,3.2793992408431967,3,22.696365902537043,2.78,15.41
Interbank,2019-11,2019-10,3.2305566037900024,3.2305566037900024,4,22.311848321645623,2.65,15.29
Interbank,2019-12,2019-11,3.321680257845631,3.4538266306320504,5,21.97965074891817,2.62,15.1
Interbank,2020-01,2019-12,3.422949063746705,3.422949063746705,2,21.83845500219751,2.62,15.15
Interbank,2020-02,2020-01,3.3472856538626923,3.3763925933252974,4,21.778300978883625,2.61,14.88
Interbank,2020-03,2020-02,3.3150963486669016,3.2519444148371126,9,21.74824699451493,2.66,14.87
Interbank,2020-04,2020-03,3.2485099011059115,3.243704081335138,6,20.11489610598828,2.79,16.12
Interbank,2020-12,2020-11,3.596633077748168,3.2815994452975645,10,5.895388067556544,3.7,17.04
Interbank,2021-01,2020-12,3.286922137419843,3.3129405785654082,3,4.348141514007992,3.4,16.99
Interbank,2021-02,2021-01,3.3431816753749275,3.360639652691258,5,3.644209083410249,3.22,16.73
Interbank,2021-03,2021-02,3.391829196599182,3.38521758026355,4,2.732696420253772,3.35,16.8
Interbank,2021-07,2021-06,2.8157346314122305,2.7515319592526564,10,6.316572193598398,3.03,16.49
Interbank,2021-08,2021-07,2.595595261855829,2.51925414051557,3,7.770044520090325,3.06,16.3
Interbank,2021-10,2021-09,2.468713139158329,2.5201446042747637,7,12.171065913969825,3.32,16.27
Interbank,2021-11,2021-10,2.4387591362523877,2.4387591362523877,3,14.6875965465449,3.7,15.97
Interbank,2021-12,2021-11,2.370288091183395,2.377079672254942,5,17.274569871397897,3.7,15.89
Interbank,2022-01,2021-12,2.3770371682438864,2.401884545175936,5,19.21523234811291,3.62,15.87
Interbank,2022-02,2022-01,2.398389423990815,2.336892342920931,4,20.08398274998801,3.61,15.16
Interbank,2022-03,2022-02,2.44925821494231,2.5580777654895965,5,20.737741169700943,3.31,15.0
Interbank,2022-04,2022-03,2.741548948794984,2.652537980652525,6,21.55638828203897,3.17,15.47
Interbank,2022-05,2022-04,2.6295249070613833,2.5412135777090574,5,22.38249914692372,2.99,15.31
Interbank,2022-06,2022-05,2.4680761033023266,2.421840493594427,4,22.326652466997917,2.89,15.26
Interbank,2022-07,2022-06,2.3179299101832043,2.3179299101832043,2,22.23712480029327,2.79,15.25
Interbank,2022-08,2022-07,2.3023595432274204,2.4612428855977346,9,22.092463457095757,2.79,15.01
Interbank,2022-09,2022-08,2.509505133431568,2.4698936194610113,4,21.311392147027156,3.13,15.26
Interbank,2022-10,2022-09,2.459787573171912,2.459787573171912,4,20.47094783973404,3.2,15.21
Interbank,2022-11,2022-10,2.382074006596065,2.354693948856671,3,19.233467440702267,3.37,15.31
Interbank,2022-12,2022-11,2.29152848816621,2.29152848816621,1,18.30370814240771,3.23,15.0
Interbank,2023-01,2022-12,2.270152513600524,2.270152513600524,4,17.599323022338872,3.03,15.08
Interbank,2023-02,2023-01,2.0852663185735563,1.9845980766890312,3,17.448256518000065,3.21,15.97
Interbank,2023-04,2023-03,1.9179287137708747,1.8641550429741842,2,17.3364488490692,3.05,15.16
Interbank,2023-05,2023-04,1.7855341907528017,1.7855341907528017,2,16.778954246110505,3.01,15.12
Interbank,2023-06,2023-05,1.743887782625823,1.743887782625823,2,16.75117571728056,3.02,15.2
Interbank,2023-07,2023-06,1.6939216857531842,1.6607075005472582,5,16.515026295911124,2.95,15.214347028569405
Interbank,2023-08,2023-07,1.6176293574213858,1.608490217126689,3,15.79638222081844,3.14,15.211745096957069
Interbank,2023-09,2023-08,1.5916657640196146,1.5862272756895164,5,15.316574061531217,3.31,15.066119461159996
Interbank,2023-10,2023-09,1.5839608805682133,1.5839608805682133,3,14.504192176285532,3.34,15.023000934369746
Interbank,2023-12,2023-11,1.4215765568702443,1.4215765921754806,3,12.834131910221208,3.5700000000000003,15.270703619851597
Interbank,2024-01,2023-12,1.349641949792363,1.3496419151923935,3,12.323559988533685,3.54,15.452405021826715
Interbank,2024-02,2024-01,1.3523439417578542,1.3523439417578542,1,11.159737411937073,3.71,16.373806742070187
Interbank,2024-03,2024-02,1.5421349759275598,1.5421349759275598,2,10.394976015988762,3.68,16.410724264233348
Interbank,2024-04,2024-03,1.6256735424053188,1.6256735424053188,4,9.551546882883114,3.69,15.1142395742291
Interbank,2024-05,2024-04,1.4376898924542787,1.4376898924542787,1,8.984829480883803,3.68,15.186106739431793
Interbank,2024-06,2024-05,1.4884722286595204,1.510688263694486,2,8.451899105971684,3.54,15.164190856251231
Interbank,2024-07,2024-06,1.43335902574643,1.511278985866474,8,8.11955733746329,3.37,14.97526403953196
Interbank,2024-08,2024-07,1.309480795306133,1.3037248411953144,3,8.564027092039463,3.29,15.43608352962296
Interbank,2024-09,2024-08,1.2822655719668372,1.2822655719668372,1,9.114233197423454,3.14,15.667230766928885
Interbank,2024-10,2024-09,1.304020049505191,1.3247188102161558,2,9.716888201374688,3.06,15.85044030011121
Interbank,2024-11,2024-10,1.2893694312776824,1.3057945364107175,3,10.53528628825477,2.99,16.02142917904331
Interbank,2024-12,2024-11,1.2825683224094586,1.2195706175377077,5,11.252634340820624,2.89,16.224202183731002
Interbank,2025-01,2024-12,1.1835382532178385,1.1517654447095815,3,11.849342377691686,2.71,15.92221622551052
Interbank,2025-02,2025-01,1.1094438330372547,1.1094438330372547,1,12.853045518603526,2.79,18.000438241264792
Interbank,2025-03,2025-02,1.1992398345900923,1.1992398345900923,1,13.08965965273947,2.68,17.90492474493855
Interbank,2025-04,2025-03,1.1539076307391558,1.1360329553757043,4,14.187333868733951,2.73,17.205829021757715
Interbank,2025-05,2025-04,1.2084555322590604,1.2520538469353282,7,14.685538947132573,2.68,17.227776117641362
Interbank,2025-06,2025-05,1.2314357286782778,1.1935552118810784,4,15.325745277893423,2.74,17.081141509338178
Interbank,2025-07,2025-06,1.1292357903212404,1.1668769474345095,2,15.6353854820596,2.61,16.862040665214995
Interbank,2025-08,2025-07,1.138386503252048,1.1160652077140367,7,15.80718800277834,2.64,15.48712854997257
Interbank,2025-09,2025-08,1.0742875373934613,1.0560792917068802,2,16.057186784182967,2.57,15.751003054622547
Interbank,2025-10,2025-09,1.1234452741754224,1.1473483705717578,3,16.06528786219241,2.5500000000000003,15.79490097844413
Interbank,2025-11,2025-10,1.096803952578191,1.0614231717510556,2,15.81275682643662,2.59,15.94322327030957
Scotiabank Perú,2010-03,2010-02,2.454841573169165,2.4986780509431727,3,24.31916970394016,1.68,11.84
Scotiabank Perú,2010-04,2010-03,2.5405619220281084,2.5411886324110635,19,24.351721594125824,1.66,13.53
Scotiabank Perú,2010-05,2010-04,2.4634989651493324,2.3367062105652026,19,24.28043617296806,1.62,13.19
Scotiabank Perú,2010-06,2010-05,2.1774908779258584,2.1658766049092897,18,24.05599431188312,1.68,12.96
Scotiabank Perú,2010-07,2010-06,2.050786437437873,1.9740438328023433,15,23.74364814058142,1.71,12.59
Scotiabank Perú,2011-04,2011-03,2.686900469665375,2.453676622958558,13,20.941246148263907,1.43,12.27
Scotiabank Perú,2011-05,2011-04,2.6228768307039774,2.7415876115747277,10,20.951157172612064,1.51,11.76
Scotiabank Perú,2011-06,2011-05,2.205082100215261,1.9601617358631969,19,20.9685605007216,1.45,11.8
Scotiabank Perú,2011-07,2011-06,2.2322539038828295,2.535942478967952,14,20.95160110289389,1.5,11.69
Scotiabank Perú,2011-08,2011-07,2.338442517223364,2.5682563755147623,20,21.167865241149546,1.51,11.02
Scotiabank Perú,2011-09,2011-08,2.5064635576788348,2.336505860969823,15,21.28058874635161,1.53,12.29
Scotiabank Perú,2011-10,2011-09,2.3941920630091005,2.582700252576056,10,20.761034848867013,1.48,12.08
Scotiabank Perú,2011-11,2011-10,2.3523026245771654,2.256603750838613,11,20.857299697208656,1.53,11.8
Scotiabank Perú,2011-12,2011-11,2.280432549826623,2.1287923989664623,13,20.88207605551125,1.46,11.56
Scotiabank Perú,2012-01,2011-12,2.11752870609366,2.0986889510431874,16,21.48215097112489,1.48,10.94
Scotiabank Perú,2012-02,2012-01,2.2044555719704184,2.239589110450644,12,21.285664493082027,1.47,10.81
Scotiabank Perú,2012-03,2012-02,2.29351458959428,2.2700864810959045,14,21.165494354373912,1.5,11.63
Scotiabank Perú,2012-04,2012-03,2.376510842816099,2.430527554484174,13,21.15245572069021,1.59,12.22
Scotiabank Perú,2012-05,2012-04,2.259500169582516,2.148896800542852,10,21.02807696969929,1.62,12.26
Scotiabank Perú,2012-06,2012-05,2.1173033599283997,2.1089784912456766,8,20.98784171587453,1.67,11.77
Scotiabank Perú,2012-07,2012-06,2.1576328402382314,2.219610802820476,5,20.582932877860763,1.68,11.66
Scotiabank Perú,2012-08,2012-07,2.171823614743541,2.143852835382605,10,20.25353724146012,1.63,12.08
Scotiabank Perú,2012-09,2012-08,2.179500506096937,2.1929936666701915,8,20.191187130957523,1.66,11.89
Scotiabank Perú,2012-10,2012-09,2.152102612751962,2.127900823398599,9,20.04875898558258,1.63,12.28
Scotiabank Perú,2012-11,2012-10,2.141509285317247,2.2607771366394984,9,19.88375787425708,1.73,12.07
Scotiabank Perú,2012-12,2012-11,2.2629501480362637,2.2349622169913737,6,19.753513546959155,1.73,11.92
Scotiabank Perú,2013-01,2012-12,2.2900988082641858,2.3243542117297755,11,19.221715308316803,1.77,15.74
Scotiabank Perú,2013-02,2013-01,2.2662569755305215,2.2603816230895672,10,19.48989344687857,1.74,15.68
Scotiabank Perú,2013-03,2013-02,2.2422047478866913,2.243292369710754,11,19.18589440251409,1.75,15.57
Scotiabank Perú,2013-04,2013-03,2.355938779687035,2.2640704774556473,17,18.93272425436721,1.83,15.89
Scotiabank Perú,2013-05,2013-04,2.300197976276311,2.2994082710498205,16,18.76084173945505,1.87,15.53
Scotiabank Perú,2013-06,2013-05,2.210309530293856,2.161376572347679,6,18.52148041192741,1.89,15.29
Scotiabank Perú,2013-07,2013-06,2.1090870765998195,2.1346097294951707,12,18.3568306765038,1.85,14.88
Scotiabank Perú,2013-08,2013-07,2.0985611080818174,2.04143140226642,8,18.259142562266963,1.87,14.54
Scotiabank Perú,2013-09,2013-08,2.06040057225648,2.082158985478324,5,17.914172384095092,1.89,13.93
Scotiabank Perú,2013-10,2013-09,1.9123804731715908,1.84604016371144,10,19.096513643173605,1.88,13.55
Scotiabank Perú,2013-11,2013-10,1.7253429696520646,1.6460590271768563,11,18.941683092315763,2.01,13.5
Scotiabank Perú,2013-12,2013-11,1.6821420838774133,1.7393039853778,11,18.339918751279203,2.02,13.0
Scotiabank Perú,2014-01,2013-12,1.719532097258236,1.7623489480380077,13,18.03477046508757,2.06,13.24
Scotiabank Perú,2014-02,2014-01,1.7218668380328948,1.7410570450419456,9,17.41797164806731,2.21,13.03
Scotiabank Perú,2014-03,2014-02,1.6693415382101409,1.6522940701555007,9,17.248988927069643,2.28,13.11
Scotiabank Perú,2014-04,2014-03,1.6816680254003302,1.5894783133007455,10,16.90219346457799,2.24,13.33
Scotiabank Perú,2014-05,2014-04,1.5149878458415404,1.4775006783717914,19,16.5402217023088,2.26,13.24
Scotiabank Perú,2014-06,2014-05,1.5480940683543938,1.6517729046019611,14,16.710293061418017,2.33,12.98
Scotiabank Perú,2014-07,2014-06,1.7651218036057432,1.7938229303744333,15,16.69717759207643,2.28,12.78
Scotiabank Perú,2014-08,2014-07,1.7992084124420693,1.8076726094492082,16,16.790410309969072,2.33,13.66
Scotiabank Perú,2014-09,2014-08,1.7509948365099057,1.780777818137884,14,17.125253297791037,2.32,13.28
Scotiabank Perú,2014-10,2014-09,1.7191009471093814,1.746197282321766,15,16.39986677524377,2.22,13.39
Scotiabank Perú,2014-11,2014-10,1.6612018371828692,1.5594257225816217,11,16.795406530447,2.34,13.31
Scotiabank Perú,2014-12,2014-11,1.5774747770506254,1.6570395829794633,19,17.835684201318145,2.4,13.2
Scotiabank Perú,2015-01,2014-12,1.601331150326156,1.5885740530915753,9,18.25885244074696,2.43,12.89
Scotiabank Perú,2015-02,2015-01,1.6010806457860842,1.6117616131917822,9,17.97955735562409,2.56,12.94
Scotiabank Perú,2015-03,2015-02,1.5664064930067154,1.5185560817756323,8,18.187179427496865,2.61,13.5
Scotiabank Perú,2015-04,2015-03,1.543277411128003,1.5018711163882188,13,18.75718570080334,2.64,13.4
Scotiabank Perú,2015-05,2015-04,1.5627322307050888,1.5474328422465293,9,18.88654104650354,2.7,13.34
Scotiabank Perú,2015-06,2015-05,1.5166482628460063,1.4551035792745017,8,18.80938942143519,2.92,13.51
Scotiabank Perú,2015-07,2015-06,1.556150294787216,1.5223035037084696,12,18.65967014400545,3.09,13.53
Scotiabank Perú,2015-08,2015-07,1.364627361035746,1.296926705740233,11,18.502188162374964,2.99,14.26
Scotiabank Perú,2015-09,2015-08,1.3210654073467236,1.3242479582317828,9,18.91198537145949,2.92,14.05
Scotiabank Perú,2015-10,2015-09,1.314950240239935,1.341340848591973,12,18.30283070066618,2.78,13.81
Scotiabank Perú,2015-11,2015-10,1.389347568418122,1.3799656136712302,12,17.935373133580818,3.0,13.8
Scotiabank Perú,2015-12,2015-11,1.3740776046512773,1.3700282508856514,15,17.278844929792996,3.07,13.5
Scotiabank Perú,2016-01,2015-12,1.328671960372126,1.3573025657970337,10,17.2631622489673,2.89,13.97
Scotiabank Perú,2016-02,2016-01,1.4759616885968263,1.5606110675028038,11,17.636645110176097,2.95,13.63
Scotiabank Perú,2016-03,2016-02,1.5695958343404772,1.5695957732195798,6,17.809349248329596,3.12,13.47
Scotiabank Perú,2016-04,2016-03,1.654646128288624,1.564273126763079,12,17.672621779925095,3.2,14.17
Scotiabank Perú,2016-05,2016-04,1.6203012606300293,1.652187998713302,14,17.625955115797794,3.23,13.9
Scotiabank Perú,2016-06,2016-05,1.6438745326130662,1.5917295401859604,10,17.524676293736565,3.34,14.02
Scotiabank Perú,2016-07,2016-06,1.6988459344839202,1.8285663132417307,14,17.639164693218124,3.46,14.04
Scotiabank Perú,2016-08,2016-07,1.8398536709859736,1.8449785370262226,15,17.642529065132585,3.39,14.36
Scotiabank Perú,2016-09,2016-08,1.8574221879114117,1.8766385101075869,13,17.066003329685707,3.46,14.73
Scotiabank Perú,2016-10,2016-09,1.8272646430646151,1.8091728926036676,10,17.34894478736189,3.32,14.41
Scotiabank Perú,2016-11,2016-10,1.8958254061919901,2.0335655436408318,10,17.429905449971862,3.47,14.49
Scotiabank Perú,2016-12,2016-11,2.025996643232972,2.0223330427198762,12,17.36113204452695,3.48,14.4
Scotiabank Perú,2017-01,2016-12,2.164846438326391,2.2594461245592496,17,17.404193224691454,3.08,14.41
Scotiabank Perú,2017-02,2017-01,2.383588325866947,2.480033557327556,13,17.46915779153875,3.21,14.2
Scotiabank Perú,2017-03,2017-02,2.2621657311201804,2.2048820922535914,15,17.122344676028327,3.19,14.16
Scotiabank Perú,2017-04,2017-03,2.2761893032528575,2.208410670334852,13,16.929061141710573,3.07,14.13
Scotiabank Perú,2017-05,2017-04,2.2727918341089763,2.410559653421506,13,16.727410221320717,3.15,14.21
Scotiabank Perú,2017-06,2017-05,2.264344425320974,2.2813450322168083,11,16.65993524481738,3.27,14.18
Scotiabank Perú,2017-07,2017-06,2.2292222550377434,2.2263596834988992,10,16.364776337486248,3.22,14.22
Scotiabank Perú,2017-08,2017-07,2.252665738901484,2.2546303542140254,14,16.35893798039843,3.21,15.36
Scotiabank Perú,2017-09,2017-08,2.262089322415652,2.256558459374347,12,16.41854426008011,3.15,15.21
Scotiabank Perú,2017-10,2017-09,2.3257525737148113,2.3575185387263806,15,16.294887496397397,3.11,15.25
Scotiabank Perú,2017-11,2017-10,2.3982515381089966,2.4299464473016505,14,16.158240325563117,3.21,15.41
Scotiabank Perú,2017-12,2017-11,2.2742603089854936,2.250145948001975,13,15.927648306487807,3.16,15.13
Scotiabank Perú,2018-01,2017-12,2.44465650223183,2.4633179993396395,11,15.887475111196364,3.15,15.47
Scotiabank Perú,2018-02,2018-01,2.395979383200629,2.3877167724290995,4,15.668437361372,3.25,15.07
Scotiabank Perú,2018-03,2018-02,2.397806972236193,2.38549288838204,7,15.597601105699937,3.26,14.77
Scotiabank Perú,2018-04,2018-03,2.5342548175503556,2.5426485401202172,11,15.611567721733152,3.26,15.19
Scotiabank Perú,2018-05,2018-04,2.482559277831072,2.531262611804899,15,15.734877976757025,3.19,14.96
Scotiabank Perú,2018-06,2018-05,2.574454903206502,2.573064115748138,7,15.759703697906266,3.22,14.87
Scotiabank Perú,2018-07,2018-06,2.54674873559182,2.550145274065573,6,15.81146409008305,3.26,14.67
Scotiabank Perú,2018-08,2018-07,2.6351751132319436,2.6812767728061817,12,15.654790821270002,3.32,14.56
Scotiabank Perú,2018-09,2018-08,2.6410875984576663,2.6410875984576663,2,15.785640674123972,3.44,14.63
Scotiabank Perú,2018-10,2018-09,2.5853748581068965,2.5417006286194517,5,15.836936519307912,3.34,14.46
Scotiabank Perú,2018-11,2018-10,2.291443212366237,2.2669212078537213,13,15.733211268996811,3.43,14.26
Scotiabank Perú,2018-12,2018-11,2.2278881490263975,2.2019244171644745,7,15.773818034374129,3.48,14.13
Scotiabank Perú,2019-01,2018-12,2.4622349544526854,2.5566705056859442,15,15.2798105198136,3.53,14.64
Scotiabank Perú,2019-02,2019-01,2.5976631693409895,2.6081535780584804,13,15.09195236081321,3.51,14.65
Scotiabank Perú,2019-03,2019-02,2.6424899161516224,2.6776980121043423,10,15.043723826818525,3.51,14.57
Scotiabank Perú,2019-04,2019-03,2.787557586904813,2.790960142662617,13,15.103852030707706,3.56,14.65
Scotiabank Perú,2019-05,2019-04,2.711246227752224,2.708537722422017,10,14.880740725467264,3.55,14.32
Scotiabank Perú,2019-06,2019-05,2.6728849481722228,2.7012159192853713,7,14.884437046345004,3.55,14.04
Scotiabank Perú,2019-07,2019-06,2.6015210367824606,2.4503198561352693,10,15.343448133584609,3.55,13.91
Scotiabank Perú,2019-08,2019-07,2.529727876515827,2.5532338768019507,9,15.866984581954693,3.59,13.38
Scotiabank Perú,2019-09,2019-08,2.5695203842066077,2.591113026155594,5,15.884012608372675,3.56,14.48
Scotiabank Perú,2019-10,2019-09,2.5059424042212206,2.3186801119472467,7,15.642925299770791,3.59,14.4
Scotiabank Perú,2019-11,2019-10,2.208869720526181,2.2448218256174117,8,16.056350328689103,3.61,14.25
Scotiabank Perú,2019-12,2019-11,2.2361240519526744,2.258746420580752,8,15.911408011572275,3.57,14.42
Scotiabank Perú,2020-01,2019-12,2.265183353400253,2.3147913743233435,9,15.829713120012368,3.5,14.45
Scotiabank Perú,2020-02,2020-01,2.3517206836813753,2.295858890690175,11,16.158007208349183,3.55,14.08
Scotiabank Perú,2020-03,2020-02,1.8305683215393311,1.610133412325878,7,16.202979676966457,3.62,13.98
Scotiabank Perú,2020-04,2020-03,1.5325365719036983,1.5225199930023672,8,15.347147399761432,3.79,14.67
Scotiabank Perú,2020-05,2020-04,1.5111727660802095,1.5058889452197892,5,14.43399997202633,4.18,14.88
Scotiabank Perú,2020-06,2020-05,1.6049885922752434,1.626260159437303,13,13.14182083696021,4.1,14.88
Scotiabank Perú,2020-07,2020-06,1.5373074316246629,1.529039890410586,7,11.65253610012078,4.13,14.95
Scotiabank Perú,2020-08,2020-07,1.531210685712657,1.5846864994134882,10,9.970278234220956,3.74,15.18
Scotiabank Perú,2020-09,2020-08,1.713196799455276,1.7857126396598433,14,8.659583700870122,4.15,15.53
Scotiabank Perú,2020-10,2020-09,1.818207427242303,1.8296427171102623,5,7.436947899066815,4.41,16.07
Scotiabank Perú,2020-11,2020-10,2.18490244059359,2.373811911993974,10,5.377754461055597,4.55,16.29
Scotiabank Perú,2020-12,2020-11,2.4071588432889266,2.387901558976316,2,3.832513952943304,4.79,16.45
Scotiabank Perú,2021-01,2020-12,2.436688874631467,2.436688874631467,1,2.612075082543534,5.37,16.5
Scotiabank Perú,2021-02,2021-01,2.6411240673950886,2.745723046967864,12,1.4228124103662512,5.68,15.98
Scotiabank Perú,2021-03,2021-02,2.820291125420177,2.8785020477767476,22,0.6448104912765076,5.49,15.97
Scotiabank Perú,2021-04,2021-03,2.6351078519705005,2.3687237850302836,8,0.7637583911356733,4.89,16.37
Scotiabank Perú,2021-05,2021-04,2.3750009917217754,2.411760875562626,8,1.2881818374434877,4.55,15.74
Scotiabank Perú,2021-06,2021-05,2.0572824887481818,1.8966576213992075,6,1.880058780345824,4.37,15.48
Scotiabank Perú,2021-07,2021-06,1.8812133280912011,1.8746547468868342,7,2.7492565597361582,4.39,15.36
Scotiabank Perú,2021-08,2021-07,1.756403832884138,1.758220460415727,12,3.7462775623290576,4.33,14.59
Scotiabank Perú,2021-10,2021-09,1.8655252075777775,1.8847574975297683,2,5.935013594479824,4.07,14.65
Scotiabank Perú,2021-11,2021-10,1.881474057097053,1.9088339488685762,6,6.903508541491774,3.99,14.59
Scotiabank Perú,2021-12,2021-11,1.7342958233180341,1.6596132238219548,10,8.673262533633535,3.89,14.48
Scotiabank Perú,2022-01,2021-12,1.6611815059233421,1.673351337000866,11,10.117829201216349,3.85,14.7
Scotiabank Perú,2022-02,2022-01,1.660319163724821,1.6912019420489963,5,11.079442091441733,3.71,14.41
Scotiabank Perú,2022-03,2022-02,1.8157691046701916,1.9638361992500653,7,11.836092139842718,3.55,13.92
Scotiabank Perú,2022-04,2022-03,2.1138088257242424,2.0325084220892875,2,12.238501567375884,3.54,14.34
Scotiabank Perú,2022-05,2022-04,1.8275452663511655,1.7590123305856549,7,13.925408772739326,3.46,14.15
Scotiabank Perú,2022-06,2022-05,1.6941188127426714,1.6643974354993767,4,13.796559290008714,3.43,14.24
Scotiabank Perú,2022-07,2022-06,1.4731900994542235,1.4928326300177555,6,13.84742416062695,3.62,13.91
Scotiabank Perú,2022-08,2022-07,1.477841960730632,1.4823931745349308,6,13.91088417718826,3.9,13.83
Scotiabank Perú,2022-09,2022-08,1.3850663795561107,1.3854509817193825,2,13.828392494823502,4.01,14.01
Scotiabank Perú,2022-10,2022-09,1.4060953691872728,1.3868337929139072,2,13.59756224675148,4.03,13.97
Scotiabank Perú,2022-11,2022-10,1.3787001902471516,1.367305983616679,4,13.874812702420607,4.07,13.85
Scotiabank Perú,2022-12,2022-11,1.25718237180286,1.25718237180286,2,13.800194255409345,4.11,13.71
Scotiabank Perú,2023-01,2022-12,1.2572002997144103,1.2572002997144103,1,13.61293543107098,4.08,13.97
Scotiabank Perú,2023-02,2023-01,1.3468505809124045,1.403976355204754,3,13.325810356116266,4.04,14.88
Scotiabank Perú,2023-03,2023-02,1.306138905646229,1.306138905646229,3,12.96907046192635,4.09,14.72
Scotiabank Perú,2023-04,2023-03,1.277146654751713,1.277146654751713,1,12.780616295842782,4.08,13.9
Scotiabank Perú,2023-05,2023-04,1.2776606099065608,1.2864720262749985,2,11.056763831089231,4.14,14.15
Scotiabank Perú,2023-06,2023-05,1.1994428345323918,1.1913384791277208,3,11.38804313184828,3.72,14.41
Scotiabank Perú,2023-07,2023-06,1.1794043868965498,1.181866598353834,2,10.98301094996348,3.75,14.355271514349512
Scotiabank Perú,2023-08,2023-07,1.1828940540308353,1.1735798919506866,3,10.369913451049015,3.96,14.498072961873792
Scotiabank Perú,2023-09,2023-08,1.1104692822028877,1.1104692822028877,4,9.849575915240084,3.99,14.635956804680852
Scotiabank Perú,2023-10,2023-09,0.945650007172182,0.9125609719047253,4,9.371352248651792,4.14,14.76837373759819
Scotiabank Perú,2023-11,2023-10,0.9330871251694646,0.9330871251694646,1,6.871840009919292,4.25,14.923559156920636
Scotiabank Perú,2023-12,2023-11,0.8405679823915471,0.8379384583282076,8,6.513976418788037,4.3500000000000005,14.997215706866676
Scotiabank Perú,2024-02,2024-01,0.864447610425469,0.864447610425469,1,6.170695144052417,4.54,15.11411686563529
Scotiabank Perú,2024-03,2024-02,0.8750964752647391,0.9067264322727785,6,6.09652927820117,4.64,15.416412868885384
Scotiabank Perú,2024-04,2024-03,0.9412836447302239,0.9056332234879584,4,5.702168067264519,4.82,14.59346567272056
Scotiabank Perú,2024-05,2024-04,0.8712751336356165,0.8423315920160761,2,5.4876715740018405,4.76,14.758726579248888
Scotiabank Perú,2024-06,2024-05,0.8161956269882586,0.8282427913519178,9,2.774512540641931,4.7700000000000005,15.1615319212262
Scotiabank Perú,2024-07,2024-06,0.7797613759326154,0.7428657176248629,6,3.2542288653944857,4.88,14.669107143651908
Scotiabank Perú,2024-08,2024-07,0.7323163539204143,0.7323163539204143,2,3.846244190215711,4.74,15.651246979520153
Scotiabank Perú,2024-09,2024-08,0.6456732030272833,0.6461513133389031,3,4.4371556989391925,4.24,15.923466264099789
Scotiabank Perú,2024-10,2024-09,0.6808127648496075,0.7302018228744249,3,4.791971307518809,4.36,16.213778435980437
Scotiabank Perú,2024-11,2024-10,0.73071328162395,0.73071328162395,1,7.4228720709472285,4.2700000000000005,16.539186236870464
Scotiabank Perú,2025-01,2024-12,0.7760468860264144,0.7599272220716999,6,8.383476997561463,4.26,17.140810126945755
Scotiabank Perú,2025-02,2025-01,0.7143393087056128,0.7143393087056128,2,8.957092001207617,4.13,17.340269012694165
Scotiabank Perú,2025-03,2025-02,0.6933701625758513,0.7045535522948166,3,9.305635830085444,4.13,18.184203956196946
Scotiabank Perú,2025-04,2025-03,0.8167432955786142,0.8167432955786142,1,10.3339801654471,4.17,17.286284986883306
Scotiabank Perú,2025-05,2025-04,0.794766375543508,0.8765237983059139,8,10.77561160581024,4.15,17.42211509949837
Scotiabank Perú,2025-06,2025-05,0.7708609574560427,0.7636410718752739,5,13.469940200515492,4.05,17.58433771380655
Scotiabank Perú,2025-07,2025-06,0.7713405066735091,0.7653344953646777,4,13.82137244605639,3.99,17.748137556618985
Scotiabank Perú,2025-08,2025-07,0.8012548629203557,0.8087495796125491,7,13.348838490006088,4.05,20.055868531458955
Scotiabank Perú,2025-09,2025-08,0.8229651755541854,0.8024147000175049,5,12.916660659375395,4.11,20.1870915082238
Scotiabank Perú,2025-10,2025-09,0.9095476239972538,0.9131713334786192,2,12.8395594199298,4.0,18.63238856821512
Scotiabank Perú,2025-11,2025-10,0.818287424458463,0.816489018000478,2,12.775037664922662,3.99,18.244265246917017
Scotiabank Perú,2025-12,2025-11,0.8448319604403651,0.8807293469335675,4,12.614304029793752,3.94,18.43505215008098
