periodo,cuadro,url,archivo,http,estado,bytes,fecha_hora
2009-12,B-2201,https://intranet2.sbs.gob.pe/estadistica/financiera/2009/Diciembre/B-2201-di2009.XLS,datos_crudos/sbs/B-2201-di2009.XLS,200,OK,210432,2026-09-28 19:20:49
2009-12,B-2401,https://intranet2.sbs.gob.pe/estadistica/financiera/2009/Diciembre/B-2401-di2009.XLS,datos_crudos/sbs/B-2401-di2009.XLS,200,OK,49152,2026-09-28 19:20:51
2009-12,B-2402,https://intranet2.sbs.gob.pe/estadistica/financiera/2009/Diciembre/B-2402-di2009.XLS,datos_crudos/sbs/B-2402-di2009.XLS,200,OK,35840,2026-09-28 19:20:52
2010-01,B-2201,https://intranet2.sbs.gob.pe/estadistica/financiera/2010/Enero/B-2201-en2010.XLS,datos_crudos/sbs/B-2201-en2010.XLS,200,OK,210432,2026-09-28 19:20:53
2010-01,B-2401,https://intranet2.sbs.gob.pe/estadistica/financiera/2010/Enero/B-2401-en2010.XLS,datos_crudos/sbs/B-2401-en2010.XLS,200,OK,43008,2026-09-28 19:20:55
2010-01,B-2402,https://intranet2.sbs.gob.pe/estadistica/financiera/2010/Enero/B-2402-en2010.XLS,datos_crudos/sbs/B-2402-en2010.XLS,200,OK,35328,2026-09-28 19:20:56
2010-02,B-2201,https://intranet2.sbs.gob.pe/estadistica/financiera/2010/Febrero/B-2201-fe2010.XLS,datos_crudos/sbs/B-2201-fe2010.XLS,200,OK,210432,2026-09-28 19:20:58
2010-02,B-2401,https://intranet2.sbs.gob.pe/estadistica/financiera/2010/Febrero/B-2401-fe2010.XLS,datos_crudos/sbs/B-2401-fe2010.XLS,200,OK,43008,2026-09-28 19:20:59
2010-02,B-2402,https://intranet2.sbs.gob.pe/estadistica/financiera/2010/Febrero/B-2402-fe2010.XLS,datos_crudos/sbs/B-2402-fe2010.XLS,200,OK,35328,2026-09-28 19:21:00
2010-03,B-2201,https://intranet2.sbs.gob.pe/estadistica/financiera/2010/Marzo/B-2201-ma2010.XLS,datos_crudos/sbs/B-2201-ma2010.XLS,200,OK,210432,2026-09-28 19:21:02
2010-03,B-2401,https://intranet2.sbs.gob.pe/estadistica/financiera/2010/Marzo/B-2401-ma2010.XLS,datos_crudos/sbs/B-2401-ma2010.XLS,200,OK,43520,2026-09-28 19:21:03
2010-03,B-2402,https://intranet2.sbs.gob.pe/estadistica/financiera/2010/Marzo/B-2402-ma2010.XLS,datos_crudos/sbs/B-2402-ma2010.XLS,200,OK,35328,2026-09-28 19:21:04
2010-04,B-2201,https://intranet2.sbs.gob.pe/estadistica/financiera/2010/Abril/B-2201-ab2010.XLS,datos_crudos/sbs/B-2201-ab2010.XLS,200,OK,210944,2026-09-28 19:21:06
2010-04,B-2401,https://intranet2.sbs.gob.pe/estadistica/financiera/2010/Abril/B-2401-ab2010.XLS,datos_crudos/sbs/B-2401-ab2010.XLS,200,OK,43520,2026-09-28 19:21:07
2010-04,B-2402,https://intranet2.sbs.gob.pe/estadistica/financiera/2010/Abril/B-2402-ab2010.XLS,datos_crudos/sbs/B-2402-ab2010.XLS,200,OK,35328,2026-09-28 19:21:08
2010-05,B-2201,https://intranet2.sbs.gob.pe/estadistica/financiera/2010/Mayo/B-2201-my2010.XLS,datos_crudos/sbs/B-2201-my2010.XLS,200,OK,214016,2026-09-28 19:21:10
2010-05,B-2401,https://intranet2.sbs.gob.pe/estadistica/financiera/2010/Mayo/B-2401-my2010.XLS,datos_crudos/sbs/B-2401-my2010.XLS,200,OK,44032,2026-09-28 19:21:11
2010-05,B-2402,https://intranet2.sbs.gob.pe/estadistica/financiera/2010/Mayo/B-2402-my2010.XLS,datos_crudos/sbs/B-2402-my2010.XLS,200,OK,35840,2026-09-28 19:21:12
2010-06,B-2201,https://intranet2.sbs.gob.pe/estadistica/financiera/2010/Junio/B-2201-jn2010.XLS,datos_crudos/sbs/B-2201-jn2010.XLS,200,OK,213504,2026-09-28 19:21:14
2010-06,B-2401,https://intranet2.sbs.gob.pe/estadistica/financiera/2010/Junio/B-2401-jn2010.XLS,datos_crudos/sbs/B-2401-jn2010.XLS,200,OK,43008,2026-09-28 19:21:15
2010-06,B-2402,https://intranet2.sbs.gob.pe/estadistica/financiera/2010/Junio/B-2402-jn2010.XLS,datos_crudos/sbs/B-2402-jn2010.XLS,200,OK,35840,2026-09-28 19:21:17
2010-07,B-2201,https://intranet2.sbs.gob.pe/estadistica/financiera/2010/Julio/B-2201-jl2010.XLS,datos_crudos/sbs/B-2201-jl2010.XLS,200,OK,268800,2026-09-28 19:21:18
2010-07,B-2401,https://intranet2.sbs.gob.pe/estadistica/financiera/2010/Julio/B-2401-jl2010.XLS,datos_crudos/sbs/B-2401-jl2010.XLS,200,OK,43520,2026-09-28 19:21:20
2010-07,B-2402,https://intranet2.sbs.gob.pe/estadistica/financiera/2010/Julio/B-2402-jl2010.XLS,datos_crudos/sbs/B-2402-jl2010.XLS,200,OK,35840,2026-09-28 19:21:21
2010-08,B-2201,https://intranet2.sbs.gob.pe/estadistica/financiera/2010/Agosto/B-2201-ag2010.XLS,datos_crudos/sbs/B-2201-ag2010.XLS,200,OK,275456,2026-09-28 19:21:23
2010-08,B-2401,https://intranet2.sbs.gob.pe/estadistica/financiera/2010/Agosto/B-2401-ag2010.XLS,datos_crudos/sbs/B-2401-ag2010.XLS,200,OK,43008,2026-09-28 19:21:24
2010-08,B-2402,https://intranet2.sbs.gob.pe/estadistica/financiera/2010/Agosto/B-2402-ag2010.XLS,datos_crudos/sbs/B-2402-ag2010.XLS,200,OK,25088,2026-09-28 19:21:25
2010-09,B-2201,https://intranet2.sbs.gob.pe/estadistica/financiera/2010/Setiembre/B-2201-se2010.XLS,datos_crudos/sbs/B-2201-se2010.XLS,200,OK,274944,2026-09-28 19:21:27
2010-09,B-2401,https://intranet2.sbs.gob.pe/estadistica/financiera/2010/Setiembre/B-2401-se2010.XLS,datos_crudos/sbs/B-2401-se2010.XLS,200,OK,43008,2026-09-28 19:21:28
2010-09,B-2402,https://intranet2.sbs.gob.pe/estadistica/financiera/2010/Setiembre/B-2402-se2010.XLS,datos_crudos/sbs/B-2402-se2010.XLS,200,OK,25088,2026-09-28 19:21:29
2010-10,B-2201,https://intranet2.sbs.gob.pe/estadistica/financiera/2010/Octubre/B-2201-oc2010.XLS,datos_crudos/sbs/B-2201-oc2010.XLS,200,OK,275456,2026-09-28 19:21:31
2010-10,B-2401,https://intranet2.sbs.gob.pe/estadistica/financiera/2010/Octubre/B-2401-oc2010.XLS,datos_crudos/sbs/B-2401-oc2010.XLS,200,OK,43008,2026-09-28 19:21:32
2010-10,B-2402,https://intranet2.sbs.gob.pe/estadistica/financiera/2010/Octubre/B-2402-oc2010.XLS,datos_crudos/sbs/B-2402-oc2010.XLS,200,OK,25088,2026-09-28 19:21:34
2010-11,B-2201,https://intranet2.sbs.gob.pe/estadistica/financiera/2010/Noviembre/B-2201-no2010.XLS,datos_crudos/sbs/B-2201-no2010.XLS,200,OK,276992,2026-09-28 19:21:36
2010-11,B-2401,https://intranet2.sbs.gob.pe/estadistica/financiera/2010/Noviembre/B-2401-no2010.XLS,datos_crudos/sbs/B-2401-no2010.XLS,200,OK,43008,2026-09-28 19:21:37
2010-11,B-2402,https://intranet2.sbs.gob.pe/estadistica/financiera/2010/Noviembre/B-2402-no2010.XLS,datos_crudos/sbs/B-2402-no2010.XLS,200,OK,25088,2026-09-28 19:21:38
2010-12,B-2201,https://intranet2.sbs.gob.pe/estadistica/financiera/2010/Diciembre/B-2201-di2010.XLS,datos_crudos/sbs/B-2201-di2010.XLS,200,OK,277504,2026-09-28 19:21:40
2010-12,B-2401,https://intranet2.sbs.gob.pe/estadistica/financiera/2010/Diciembre/B-2401-di2010.XLS,datos_crudos/sbs/B-2401-di2010.XLS,200,OK,42496,2026-09-28 19:21:41
2010-12,B-2402,https://intranet2.sbs.gob.pe/estadistica/financiera/2010/Diciembre/B-2402-di2010.XLS,datos_crudos/sbs/B-2402-di2010.XLS,200,OK,25088,2026-09-28 19:21:42
2011-01,B-2201,https://intranet2.sbs.gob.pe/estadistica/financiera/2011/Enero/B-2201-en2011.XLS,datos_crudos/sbs/B-2201-en2011.XLS,200,OK,262656,2026-09-28 19:21:44
2011-01,B-2401,https://intranet2.sbs.gob.pe/estadistica/financiera/2011/Enero/B-2401-en2011.XLS,datos_crudos/sbs/B-2401-en2011.XLS,200,OK,43008,2026-09-28 19:21:45
2011-01,B-2402,https://intranet2.sbs.gob.pe/estadistica/financiera/2011/Enero/B-2402-en2011.XLS,datos_crudos/sbs/B-2402-en2011.XLS,200,OK,25088,2026-09-28 19:21:47
2011-02,B-2201,https://intranet2.sbs.gob.pe/estadistica/financiera/2011/Febrero/B-2201-fe2011.XLS,datos_crudos/sbs/B-2201-fe2011.XLS,200,OK,262144,2026-09-28 19:21:48
2011-02,B-2401,https://intranet2.sbs.gob.pe/estadistica/financiera/2011/Febrero/B-2401-fe2011.XLS,datos_crudos/sbs/B-2401-fe2011.XLS,200,OK,43520,2026-09-28 19:21:50
2011-02,B-2402,https://intranet2.sbs.gob.pe/estadistica/financiera/2011/Febrero/B-2402-fe2011.XLS,datos_crudos/sbs/B-2402-fe2011.XLS,200,OK,25088,2026-09-28 19:21:51
2011-03,B-2201,https://intranet2.sbs.gob.pe/estadistica/financiera/2011/Marzo/B-2201-ma2011.XLS,datos_crudos/sbs/B-2201-ma2011.XLS,200,OK,262656,2026-09-28 19:21:53
2011-03,B-2401,https://intranet2.sbs.gob.pe/estadistica/financiera/2011/Marzo/B-2401-ma2011.XLS,datos_crudos/sbs/B-2401-ma2011.XLS,200,OK,43520,2026-09-28 19:21:54
2011-03,B-2402,https://intranet2.sbs.gob.pe/estadistica/financiera/2011/Marzo/B-2402-ma2011.XLS,datos_crudos/sbs/B-2402-ma2011.XLS,200,OK,25088,2026-09-28 19:21:55
2011-04,B-2201,https://intranet2.sbs.gob.pe/estadistica/financiera/2011/Abril/B-2201-ab2011.XLS,datos_crudos/sbs/B-2201-ab2011.XLS,200,OK,263680,2026-09-28 19:21:57
2011-04,B-2401,https://intranet2.sbs.gob.pe/estadistica/financiera/2011/Abril/B-2401-ab2011.XLS,datos_crudos/sbs/B-2401-ab2011.XLS,200,OK,43008,2026-09-28 19:21:58
2011-04,B-2402,https://intranet2.sbs.gob.pe/estadistica/financiera/2011/Abril/B-2402-ab2011.XLS,datos_crudos/sbs/B-2402-ab2011.XLS,200,OK,25088,2026-09-28 19:21:59
2011-05,B-2201,https://intranet2.sbs.gob.pe/estadistica/financiera/2011/Mayo/B-2201-my2011.XLS,datos_crudos/sbs/B-2201-my2011.XLS,200,OK,263680,2026-09-28 19:22:01
2011-05,B-2401,https://intranet2.sbs.gob.pe/estadistica/financiera/2011/Mayo/B-2401-my2011.XLS,datos_crudos/sbs/B-2401-my2011.XLS,200,OK,44032,2026-09-28 19:22:02
2011-05,B-2402,https://intranet2.sbs.gob.pe/estadistica/financiera/2011/Mayo/B-2402-my2011.XLS,datos_crudos/sbs/B-2402-my2011.XLS,200,OK,25088,2026-09-28 19:22:03
2011-06,B-2201,https://intranet2.sbs.gob.pe/estadistica/financiera/2011/Junio/B-2201-jn2011.XLS,datos_crudos/sbs/B-2201-jn2011.XLS,200,OK,262656,2026-09-28 19:22:05
2011-06,B-2401,https://intranet2.sbs.gob.pe/estadistica/financiera/2011/Junio/B-2401-jn2011.XLS,datos_crudos/sbs/B-2401-jn2011.XLS,200,OK,43520,2026-09-28 19:22:07
2011-06,B-2402,https://intranet2.sbs.gob.pe/estadistica/financiera/2011/Junio/B-2402-jn2011.XLS,datos_crudos/sbs/B-2402-jn2011.XLS,200,OK,25088,2026-09-28 19:22:08
2011-07,B-2201,https://intranet2.sbs.gob.pe/estadistica/financiera/2011/Julio/B-2201-jl2011.XLS,datos_crudos/sbs/B-2201-jl2011.XLS,200,OK,263680,2026-09-28 19:22:10
2011-07,B-2401,https://intranet2.sbs.gob.pe/estadistica/financiera/2011/Julio/B-2401-jl2011.XLS,datos_crudos/sbs/B-2401-jl2011.XLS,200,OK,44032,2026-09-28 19:22:11
2011-07,B-2402,https://intranet2.sbs.gob.pe/estadistica/financiera/2011/Julio/B-2402-jl2011.XLS,datos_crudos/sbs/B-2402-jl2011.XLS,200,OK,25088,2026-09-28 19:22:12
2011-08,B-2201,https://intranet2.sbs.gob.pe/estadistica/financiera/2011/Agosto/B-2201-ag2011.XLS,datos_crudos/sbs/B-2201-ag2011.XLS,200,OK,263680,2026-09-28 19:22:14
2011-08,B-2401,https://intranet2.sbs.gob.pe/estadistica/financiera/2011/Agosto/B-2401-ag2011.XLS,datos_crudos/sbs/B-2401-ag2011.XLS,200,OK,43520,2026-09-28 19:22:15
2011-08,B-2402,https://intranet2.sbs.gob.pe/estadistica/financiera/2011/Agosto/B-2402-ag2011.XLS,datos_crudos/sbs/B-2402-ag2011.XLS,200,OK,25088,2026-09-28 19:22:16
2011-09,B-2201,https://intranet2.sbs.gob.pe/estadistica/financiera/2011/Setiembre/B-2201-se2011.XLS,datos_crudos/sbs/B-2201-se2011.XLS,200,OK,262656,2026-09-28 19:22:18
2011-09,B-2401,https://intranet2.sbs.gob.pe/estadistica/financiera/2011/Setiembre/B-2401-se2011.XLS,datos_crudos/sbs/B-2401-se2011.XLS,200,OK,43520,2026-09-28 19:22:19
2011-09,B-2402,https://intranet2.sbs.gob.pe/estadistica/financiera/2011/Setiembre/B-2402-se2011.XLS,datos_crudos/sbs/B-2402-se2011.XLS,200,OK,25088,2026-09-28 19:22:20
2011-10,B-2201,https://intranet2.sbs.gob.pe/estadistica/financiera/2011/Octubre/B-2201-oc2011.XLS,datos_crudos/sbs/B-2201-oc2011.XLS,200,OK,263680,2026-09-28 19:22:22
2011-10,B-2401,https://intranet2.sbs.gob.pe/estadistica/financiera/2011/Octubre/B-2401-oc2011.XLS,datos_crudos/sbs/B-2401-oc2011.XLS,200,OK,43520,2026-09-28 19:22:23
2011-10,B-2402,https://intranet2.sbs.gob.pe/estadistica/financiera/2011/Octubre/B-2402-oc2011.XLS,datos_crudos/sbs/B-2402-oc2011.XLS,200,OK,25088,2026-09-28 19:22:25
2011-11,B-2201,https://intranet2.sbs.gob.pe/estadistica/financiera/2011/Noviembre/B-2201-no2011.XLS,datos_crudos/sbs/B-2201-no2011.XLS,200,OK,261632,2026-09-28 19:22:27
2011-11,B-2401,https://intranet2.sbs.gob.pe/estadistica/financiera/2011/Noviembre/B-2401-no2011.XLS,datos_crudos/sbs/B-2401-no2011.XLS,200,OK,43520,2026-09-28 19:22:28
2011-11,B-2402,https://intranet2.sbs.gob.pe/estadistica/financiera/2011/Noviembre/B-2402-no2011.XLS,datos_crudos/sbs/B-2402-no2011.XLS,200,OK,25088,2026-09-28 19:22:29
2011-12,B-2201,https://intranet2.sbs.gob.pe/estadistica/financiera/2011/Diciembre/B-2201-di2011.XLS,datos_crudos/sbs/B-2201-di2011.XLS,200,OK,264192,2026-09-28 19:22:31
2011-12,B-2401,https://intranet2.sbs.gob.pe/estadistica/financiera/2011/Diciembre/B-2401-di2011.XLS,datos_crudos/sbs/B-2401-di2011.XLS,200,OK,43520,2026-09-28 19:22:32
2011-12,B-2402,https://intranet2.sbs.gob.pe/estadistica/financiera/2011/Diciembre/B-2402-di2011.XLS,datos_crudos/sbs/B-2402-di2011.XLS,200,OK,25088,2026-09-28 19:22:33
2012-01,B-2201,https://intranet2.sbs.gob.pe/estadistica/financiera/2012/Enero/B-2201-en2012.XLS,datos_crudos/sbs/B-2201-en2012.XLS,200,OK,262656,2026-09-28 19:22:35
2012-01,B-2401,https://intranet2.sbs.gob.pe/estadistica/financiera/2012/Enero/B-2401-en2012.XLS,datos_crudos/sbs/B-2401-en2012.XLS,200,OK,43520,2026-09-28 19:22:36
2012-01,B-2402,https://intranet2.sbs.gob.pe/estadistica/financiera/2012/Enero/B-2402-en2012.XLS,datos_crudos/sbs/B-2402-en2012.XLS,200,OK,25088,2026-09-28 19:22:38
2012-02,B-2201,https://intranet2.sbs.gob.pe/estadistica/financiera/2012/Febrero/B-2201-fe2012.XLS,datos_crudos/sbs/B-2201-fe2012.XLS,200,OK,262656,2026-09-28 19:22:39
2012-02,B-2401,https://intranet2.sbs.gob.pe/estadistica/financiera/2012/Febrero/B-2401-fe2012.XLS,datos_crudos/sbs/B-2401-fe2012.XLS,200,OK,43520,2026-09-28 19:22:41
2012-02,B-2402,https://intranet2.sbs.gob.pe/estadistica/financiera/2012/Febrero/B-2402-fe2012.XLS,datos_crudos/sbs/B-2402-fe2012.XLS,200,OK,25088,2026-09-28 19:22:42
2012-03,B-2201,https://intranet2.sbs.gob.pe/estadistica/financiera/2012/Marzo/B-2201-ma2012.XLS,datos_crudos/sbs/B-2201-ma2012.XLS,200,OK,262656,2026-09-28 19:22:44
2012-03,B-2401,https://intranet2.sbs.gob.pe/estadistica/financiera/2012/Marzo/B-2401-ma2012.XLS,datos_crudos/sbs/B-2401-ma2012.XLS,200,OK,43520,2026-09-28 19:22:45
2012-03,B-2402,https://intranet2.sbs.gob.pe/estadistica/financiera/2012/Marzo/B-2402-ma2012.XLS,datos_crudos/sbs/B-2402-ma2012.XLS,200,OK,25088,2026-09-28 19:22:46
2012-04,B-2201,https://intranet2.sbs.gob.pe/estadistica/financiera/2012/Abril/B-2201-ab2012.XLS,datos_crudos/sbs/B-2201-ab2012.XLS,200,OK,262656,2026-09-28 19:22:48
2012-04,B-2401,https://intranet2.sbs.gob.pe/estadistica/financiera/2012/Abril/B-2401-ab2012.XLS,datos_crudos/sbs/B-2401-ab2012.XLS,200,OK,44032,2026-09-28 19:22:49
2012-04,B-2402,https://intranet2.sbs.gob.pe/estadistica/financiera/2012/Abril/B-2402-ab2012.XLS,datos_crudos/sbs/B-2402-ab2012.XLS,200,OK,25088,2026-09-28 19:22:50
2012-05,B-2201,https://intranet2.sbs.gob.pe/estadistica/financiera/2012/Mayo/B-2201-my2012.XLS,datos_crudos/sbs/B-2201-my2012.XLS,200,OK,263680,2026-09-28 19:22:52
2012-05,B-2401,https://intranet2.sbs.gob.pe/estadistica/financiera/2012/Mayo/B-2401-my2012.XLS,datos_crudos/sbs/B-2401-my2012.XLS,200,OK,33280,2026-09-28 19:22:53
2012-05,B-2402,https://intranet2.sbs.gob.pe/estadistica/financiera/2012/Mayo/B-2402-my2012.XLS,datos_crudos/sbs/B-2402-my2012.XLS,200,OK,25088,2026-09-28 19:22:54
2012-06,B-2201,https://intranet2.sbs.gob.pe/estadistica/financiera/2012/Junio/B-2201-jn2012.XLS,datos_crudos/sbs/B-2201-jn2012.XLS,200,OK,262656,2026-09-28 19:22:56
2012-06,B-2401,https://intranet2.sbs.gob.pe/estadistica/financiera/2012/Junio/B-2401-jn2012.XLS,datos_crudos/sbs/B-2401-jn2012.XLS,200,OK,33792,2026-09-28 19:22:57
2012-06,B-2402,https://intranet2.sbs.gob.pe/estadistica/financiera/2012/Junio/B-2402-jn2012.XLS,datos_crudos/sbs/B-2402-jn2012.XLS,200,OK,25088,2026-09-28 19:22:59
2012-07,B-2201,https://intranet2.sbs.gob.pe/estadistica/financiera/2012/Julio/B-2201-jl2012.XLS,datos_crudos/sbs/B-2201-jl2012.XLS,200,OK,262656,2026-09-28 19:23:00
2012-07,B-2401,https://intranet2.sbs.gob.pe/estadistica/financiera/2012/Julio/B-2401-jl2012.XLS,datos_crudos/sbs/B-2401-jl2012.XLS,200,OK,33280,2026-09-28 19:23:02
2012-07,B-2402,https://intranet2.sbs.gob.pe/estadistica/financiera/2012/Julio/B-2402-jl2012.XLS,datos_crudos/sbs/B-2402-jl2012.XLS,200,OK,25088,2026-09-28 19:23:03
2012-08,B-2201,https://intranet2.sbs.gob.pe/estadistica/financiera/2012/Agosto/B-2201-ag2012.XLS,datos_crudos/sbs/B-2201-ag2012.XLS,200,OK,271872,2026-09-28 19:23:05
2012-08,B-2401,https://intranet2.sbs.gob.pe/estadistica/financiera/2012/Agosto/B-2401-ag2012.XLS,datos_crudos/sbs/B-2401-ag2012.XLS,200,OK,34304,2026-09-28 19:23:06
2012-08,B-2402,https://intranet2.sbs.gob.pe/estadistica/financiera/2012/Agosto/B-2402-ag2012.XLS,datos_crudos/sbs/B-2402-ag2012.XLS,200,OK,25088,2026-09-28 19:23:07
2012-09,B-2201,https://intranet2.sbs.gob.pe/estadistica/financiera/2012/Setiembre/B-2201-se2012.XLS,datos_crudos/sbs/B-2201-se2012.XLS,200,OK,308736,2026-09-28 19:23:09
2012-09,B-2401,https://intranet2.sbs.gob.pe/estadistica/financiera/2012/Setiembre/B-2401-se2012.XLS,datos_crudos/sbs/B-2401-se2012.XLS,200,OK,33792,2026-09-28 19:23:10
2012-09,B-2402,https://intranet2.sbs.gob.pe/estadistica/financiera/2012/Setiembre/B-2402-se2012.XLS,datos_crudos/sbs/B-2402-se2012.XLS,200,OK,25088,2026-09-28 19:23:11
2012-10,B-2201,https://intranet2.sbs.gob.pe/estadistica/financiera/2012/Octubre/B-2201-oc2012.XLS,datos_crudos/sbs/B-2201-oc2012.XLS,200,OK,271872,2026-09-28 19:23:13
2012-10,B-2401,https://intranet2.sbs.gob.pe/estadistica/financiera/2012/Octubre/B-2401-oc2012.XLS,datos_crudos/sbs/B-2401-oc2012.XLS,200,OK,34304,2026-09-28 19:23:14
2012-10,B-2402,https://intranet2.sbs.gob.pe/estadistica/financiera/2012/Octubre/B-2402-oc2012.XLS,datos_crudos/sbs/B-2402-oc2012.XLS,200,OK,25088,2026-09-28 19:23:16
2012-11,B-2201,https://intranet2.sbs.gob.pe/estadistica/financiera/2012/Noviembre/B-2201-no2012.XLS,datos_crudos/sbs/B-2201-no2012.XLS,200,OK,271360,2026-09-28 19:23:17
2012-11,B-2401,https://intranet2.sbs.gob.pe/estadistica/financiera/2012/Noviembre/B-2401-no2012.XLS,datos_crudos/sbs/B-2401-no2012.XLS,200,OK,34304,2026-09-28 19:23:19
2012-11,B-2402,https://intranet2.sbs.gob.pe/estadistica/financiera/2012/Noviembre/B-2402-no2012.XLS,datos_crudos/sbs/B-2402-no2012.XLS,200,OK,25088,2026-09-28 19:23:20
2012-12,B-2201,https://intranet2.sbs.gob.pe/estadistica/financiera/2012/Diciembre/B-2201-di2012.XLS,datos_crudos/sbs/B-2201-di2012.XLS,200,OK,272384,2026-09-28 19:23:22
2012-12,B-2401,https://intranet2.sbs.gob.pe/estadistica/financiera/2012/Diciembre/B-2401-di2012.XLS,datos_crudos/sbs/B-2401-di2012.XLS,200,OK,33792,2026-09-28 19:23:23
2012-12,B-2402,https://intranet2.sbs.gob.pe/estadistica/financiera/2012/Diciembre/B-2402-di2012.XLS,datos_crudos/sbs/B-2402-di2012.XLS,200,OK,25088,2026-09-28 19:23:24
2013-01,B-2201,https://intranet2.sbs.gob.pe/estadistica/financiera/2013/Enero/B-2201-en2013.XLS,datos_crudos/sbs/B-2201-en2013.XLS,200,OK,298496,2026-09-28 19:23:26
2013-01,B-2401,https://intranet2.sbs.gob.pe/estadistica/financiera/2013/Enero/B-2401-en2013.XLS,datos_crudos/sbs/B-2401-en2013.XLS,200,OK,44544,2026-09-28 19:23:27
2013-01,B-2402,https://intranet2.sbs.gob.pe/estadistica/financiera/2013/Enero/B-2402-en2013.XLS,datos_crudos/sbs/B-2402-en2013.XLS,200,OK,25088,2026-09-28 19:23:28
2013-02,B-2201,https://intranet2.sbs.gob.pe/estadistica/financiera/2013/Febrero/B-2201-fe2013.XLS,datos_crudos/sbs/B-2201-fe2013.XLS,200,OK,261632,2026-09-28 19:23:30
2013-02,B-2401,https://intranet2.sbs.gob.pe/estadistica/financiera/2013/Febrero/B-2401-fe2013.XLS,datos_crudos/sbs/B-2401-fe2013.XLS,200,OK,46592,2026-09-28 19:23:31
2013-02,B-2402,https://intranet2.sbs.gob.pe/estadistica/financiera/2013/Febrero/B-2402-fe2013.XLS,datos_crudos/sbs/B-2402-fe2013.XLS,200,OK,35840,2026-09-28 19:23:32
2013-03,B-2201,https://intranet2.sbs.gob.pe/estadistica/financiera/2013/Marzo/B-2201-ma2013.XLS,datos_crudos/sbs/B-2201-ma2013.XLS,200,OK,296448,2026-09-28 19:23:34
2013-03,B-2401,https://intranet2.sbs.gob.pe/estadistica/financiera/2013/Marzo/B-2401-ma2013.XLS,datos_crudos/sbs/B-2401-ma2013.XLS,200,OK,43008,2026-09-28 19:23:35
2013-03,B-2402,https://intranet2.sbs.gob.pe/estadistica/financiera/2013/Marzo/B-2402-ma2013.XLS,datos_crudos/sbs/B-2402-ma2013.XLS,200,OK,35840,2026-09-28 19:23:37
2013-04,B-2201,https://intranet2.sbs.gob.pe/estadistica/financiera/2013/Abril/B-2201-ab2013.XLS,datos_crudos/sbs/B-2201-ab2013.XLS,200,OK,296960,2026-09-28 19:23:38
2013-04,B-2401,https://intranet2.sbs.gob.pe/estadistica/financiera/2013/Abril/B-2401-ab2013.XLS,datos_crudos/sbs/B-2401-ab2013.XLS,200,OK,43008,2026-09-28 19:23:40
2013-04,B-2402,https://intranet2.sbs.gob.pe/estadistica/financiera/2013/Abril/B-2402-ab2013.XLS,datos_crudos/sbs/B-2402-ab2013.XLS,200,OK,35840,2026-09-28 19:23:41
2013-05,B-2201,https://intranet2.sbs.gob.pe/estadistica/financiera/2013/Mayo/B-2201-my2013.XLS,datos_crudos/sbs/B-2201-my2013.XLS,200,OK,296960,2026-09-28 19:23:42
2013-05,B-2401,https://intranet2.sbs.gob.pe/estadistica/financiera/2013/Mayo/B-2401-my2013.XLS,datos_crudos/sbs/B-2401-my2013.XLS,200,OK,43008,2026-09-28 19:23:44
2013-05,B-2402,https://intranet2.sbs.gob.pe/estadistica/financiera/2013/Mayo/B-2402-my2013.XLS,datos_crudos/sbs/B-2402-my2013.XLS,200,OK,35840,2026-09-28 19:23:45
2013-06,B-2201,https://intranet2.sbs.gob.pe/estadistica/financiera/2013/Junio/B-2201-jn2013.XLS,datos_crudos/sbs/B-2201-jn2013.XLS,200,OK,296960,2026-09-28 19:23:47
2013-06,B-2401,https://intranet2.sbs.gob.pe/estadistica/financiera/2013/Junio/B-2401-jn2013.XLS,datos_crudos/sbs/B-2401-jn2013.XLS,200,OK,43008,2026-09-28 19:23:48
2013-06,B-2402,https://intranet2.sbs.gob.pe/estadistica/financiera/2013/Junio/B-2402-jn2013.XLS,datos_crudos/sbs/B-2402-jn2013.XLS,200,OK,35840,2026-09-28 19:23:49
2013-07,B-2201,https://intranet2.sbs.gob.pe/estadistica/financiera/2013/Julio/B-2201-jl2013.XLS,datos_crudos/sbs/B-2201-jl2013.XLS,200,OK,297472,2026-09-28 19:23:51
2013-07,B-2401,https://intranet2.sbs.gob.pe/estadistica/financiera/2013/Julio/B-2401-jl2013.XLS,datos_crudos/sbs/B-2401-jl2013.XLS,200,OK,43008,2026-09-28 19:23:52
2013-07,B-2402,https://intranet2.sbs.gob.pe/estadistica/financiera/2013/Julio/B-2402-jl2013.XLS,datos_crudos/sbs/B-2402-jl2013.XLS,200,OK,36864,2026-09-28 19:23:53
2013-08,B-2201,https://intranet2.sbs.gob.pe/estadistica/financiera/2013/Agosto/B-2201-ag2013.XLS,datos_crudos/sbs/B-2201-ag2013.XLS,200,OK,296448,2026-09-28 19:23:55
2013-08,B-2401,https://intranet2.sbs.gob.pe/estadistica/financiera/2013/Agosto/B-2401-ag2013.XLS,datos_crudos/sbs/B-2401-ag2013.XLS,200,OK,43008,2026-09-28 19:23:56
2013-08,B-2402,https://intranet2.sbs.gob.pe/estadistica/financiera/2013/Agosto/B-2402-ag2013.XLS,datos_crudos/sbs/B-2402-ag2013.XLS,200,OK,36864,2026-09-28 19:23:58
2013-09,B-2201,https://intranet2.sbs.gob.pe/estadistica/financiera/2013/Setiembre/B-2201-se2013.XLS,datos_crudos/sbs/B-2201-se2013.XLS,200,OK,160709,2026-09-28 19:23:59
2013-09,B-2401,https://intranet2.sbs.gob.pe/estadistica/financiera/2013/Setiembre/B-2401-se2013.XLS,datos_crudos/sbs/B-2401-se2013.XLS,200,OK,19466,2026-09-28 19:24:00
2013-09,B-2402,https://intranet2.sbs.gob.pe/estadistica/financiera/2013/Setiembre/B-2402-se2013.XLS,datos_crudos/sbs/B-2402-se2013.XLS,200,OK,15341,2026-09-28 19:24:01
2013-10,B-2201,https://intranet2.sbs.gob.pe/estadistica/financiera/2013/Octubre/B-2201-oc2013.XLS,datos_crudos/sbs/B-2201-oc2013.XLS,200,OK,161212,2026-09-28 19:24:03
2013-10,B-2401,https://intranet2.sbs.gob.pe/estadistica/financiera/2013/Octubre/B-2401-oc2013.XLS,datos_crudos/sbs/B-2401-oc2013.XLS,200,OK,19080,2026-09-28 19:24:04
2013-10,B-2402,https://intranet2.sbs.gob.pe/estadistica/financiera/2013/Octubre/B-2402-oc2013.XLS,datos_crudos/sbs/B-2402-oc2013.XLS,200,OK,15363,2026-09-28 19:24:05
2013-11,B-2201,https://intranet2.sbs.gob.pe/estadistica/financiera/2013/Noviembre/B-2201-no2013.XLS,datos_crudos/sbs/B-2201-no2013.XLS,200,OK,160785,2026-09-28 19:24:07
2013-11,B-2401,https://intranet2.sbs.gob.pe/estadistica/financiera/2013/Noviembre/B-2401-no2013.XLS,datos_crudos/sbs/B-2401-no2013.XLS,200,OK,19783,2026-09-28 19:24:08
2013-11,B-2402,https://intranet2.sbs.gob.pe/estadistica/financiera/2013/Noviembre/B-2402-no2013.XLS,datos_crudos/sbs/B-2402-no2013.XLS,200,OK,15348,2026-09-28 19:24:09
2013-12,B-2201,https://intranet2.sbs.gob.pe/estadistica/financiera/2013/Diciembre/B-2201-di2013.XLS,datos_crudos/sbs/B-2201-di2013.XLS,200,OK,161024,2026-09-28 19:24:11
2013-12,B-2401,https://intranet2.sbs.gob.pe/estadistica/financiera/2013/Diciembre/B-2401-di2013.XLS,datos_crudos/sbs/B-2401-di2013.XLS,200,OK,19417,2026-09-28 19:24:12
2013-12,B-2402,https://intranet2.sbs.gob.pe/estadistica/financiera/2013/Diciembre/B-2402-di2013.XLS,datos_crudos/sbs/B-2402-di2013.XLS,200,OK,15349,2026-09-28 19:24:13
2014-01,B-2201,https://intranet2.sbs.gob.pe/estadistica/financiera/2014/Enero/B-2201-en2014.XLS,datos_crudos/sbs/B-2201-en2014.XLS,200,OK,158694,2026-09-28 19:24:15
2014-01,B-2401,https://intranet2.sbs.gob.pe/estadistica/financiera/2014/Enero/B-2401-en2014.XLS,datos_crudos/sbs/B-2401-en2014.XLS,200,OK,19903,2026-09-28 19:24:16
2014-01,B-2402,https://intranet2.sbs.gob.pe/estadistica/financiera/2014/Enero/B-2402-en2014.XLS,datos_crudos/sbs/B-2402-en2014.XLS,200,OK,15331,2026-09-28 19:24:17
2014-02,B-2201,https://intranet2.sbs.gob.pe/estadistica/financiera/2014/Febrero/B-2201-fe2014.XLS,datos_crudos/sbs/B-2201-fe2014.XLS,200,OK,164404,2026-09-28 19:24:19
2014-02,B-2401,https://intranet2.sbs.gob.pe/estadistica/financiera/2014/Febrero/B-2401-fe2014.XLS,datos_crudos/sbs/B-2401-fe2014.XLS,200,OK,19272,2026-09-28 19:24:20
2014-02,B-2402,https://intranet2.sbs.gob.pe/estadistica/financiera/2014/Febrero/B-2402-fe2014.XLS,datos_crudos/sbs/B-2402-fe2014.XLS,200,OK,15447,2026-09-28 19:24:21
2014-03,B-2201,https://intranet2.sbs.gob.pe/estadistica/financiera/2014/Marzo/B-2201-ma2014.XLS,datos_crudos/sbs/B-2201-ma2014.XLS,200,OK,164854,2026-09-28 19:24:23
2014-03,B-2401,https://intranet2.sbs.gob.pe/estadistica/financiera/2014/Marzo/B-2401-ma2014.XLS,datos_crudos/sbs/B-2401-ma2014.XLS,200,OK,19246,2026-09-28 19:24:24
2014-03,B-2402,https://intranet2.sbs.gob.pe/estadistica/financiera/2014/Marzo/B-2402-ma2014.XLS,datos_crudos/sbs/B-2402-ma2014.XLS,200,OK,15451,2026-09-28 19:24:25
2014-04,B-2201,https://intranet2.sbs.gob.pe/estadistica/financiera/2014/Abril/B-2201-ab2014.XLS,datos_crudos/sbs/B-2201-ab2014.XLS,200,OK,165352,2026-09-28 19:24:27
2014-04,B-2401,https://intranet2.sbs.gob.pe/estadistica/financiera/2014/Abril/B-2401-ab2014.XLS,datos_crudos/sbs/B-2401-ab2014.XLS,200,OK,19148,2026-09-28 19:24:28
2014-04,B-2402,https://intranet2.sbs.gob.pe/estadistica/financiera/2014/Abril/B-2402-ab2014.XLS,datos_crudos/sbs/B-2402-ab2014.XLS,200,OK,15426,2026-09-28 19:24:29
2014-05,B-2201,https://intranet2.sbs.gob.pe/estadistica/financiera/2014/Mayo/B-2201-my2014.XLS,datos_crudos/sbs/B-2201-my2014.XLS,200,OK,165096,2026-09-28 19:24:31
2014-05,B-2401,https://intranet2.sbs.gob.pe/estadistica/financiera/2014/Mayo/B-2401-my2014.XLS,datos_crudos/sbs/B-2401-my2014.XLS,200,OK,19578,2026-09-28 19:24:32
2014-05,B-2402,https://intranet2.sbs.gob.pe/estadistica/financiera/2014/Mayo/B-2402-my2014.XLS,datos_crudos/sbs/B-2402-my2014.XLS,200,OK,15431,2026-09-28 19:24:33
2014-06,B-2201,https://intranet2.sbs.gob.pe/estadistica/financiera/2014/Junio/B-2201-jn2014.XLS,datos_crudos/sbs/B-2201-jn2014.XLS,200,OK,165491,2026-09-28 19:24:35
2014-06,B-2401,https://intranet2.sbs.gob.pe/estadistica/financiera/2014/Junio/B-2401-jn2014.XLS,datos_crudos/sbs/B-2401-jn2014.XLS,200,OK,20377,2026-09-28 19:24:36
2014-06,B-2402,https://intranet2.sbs.gob.pe/estadistica/financiera/2014/Junio/B-2402-jn2014.XLS,datos_crudos/sbs/B-2402-jn2014.XLS,200,OK,15414,2026-09-28 19:24:37
2014-07,B-2201,https://intranet2.sbs.gob.pe/estadistica/financiera/2014/Julio/B-2201-jl2014.XLS,datos_crudos/sbs/B-2201-jl2014.XLS,200,OK,165734,2026-09-28 19:24:39
2014-07,B-2401,https://intranet2.sbs.gob.pe/estadistica/financiera/2014/Julio/B-2401-jl2014.XLS,datos_crudos/sbs/B-2401-jl2014.XLS,200,OK,19543,2026-09-28 19:24:40
2014-07,B-2402,https://intranet2.sbs.gob.pe/estadistica/financiera/2014/Julio/B-2402-jl2014.XLS,datos_crudos/sbs/B-2402-jl2014.XLS,200,OK,15446,2026-09-28 19:24:41
2014-08,B-2201,https://intranet2.sbs.gob.pe/estadistica/financiera/2014/Agosto/B-2201-ag2014.XLS,datos_crudos/sbs/B-2201-ag2014.XLS,200,OK,166422,2026-09-28 19:24:43
2014-08,B-2401,https://intranet2.sbs.gob.pe/estadistica/financiera/2014/Agosto/B-2401-ag2014.XLS,datos_crudos/sbs/B-2401-ag2014.XLS,200,OK,19702,2026-09-28 19:24:44
2014-08,B-2402,https://intranet2.sbs.gob.pe/estadistica/financiera/2014/Agosto/B-2402-ag2014.XLS,datos_crudos/sbs/B-2402-ag2014.XLS,200,OK,15431,2026-09-28 19:24:45
2014-09,B-2201,https://intranet2.sbs.gob.pe/estadistica/financiera/2014/Setiembre/B-2201-se2014.XLS,datos_crudos/sbs/B-2201-se2014.XLS,200,OK,166700,2026-09-28 19:24:46
2014-09,B-2401,https://intranet2.sbs.gob.pe/estadistica/financiera/2014/Setiembre/B-2401-se2014.XLS,datos_crudos/sbs/B-2401-se2014.XLS,200,OK,19674,2026-09-28 19:24:48
2014-09,B-2402,https://intranet2.sbs.gob.pe/estadistica/financiera/2014/Setiembre/B-2402-se2014.XLS,datos_crudos/sbs/B-2402-se2014.XLS,200,OK,15418,2026-09-28 19:24:49
2014-10,B-2201,https://intranet2.sbs.gob.pe/estadistica/financiera/2014/Octubre/B-2201-oc2014.XLS,datos_crudos/sbs/B-2201-oc2014.XLS,200,OK,166719,2026-09-28 19:24:50
2014-10,B-2401,https://intranet2.sbs.gob.pe/estadistica/financiera/2014/Octubre/B-2401-oc2014.XLS,datos_crudos/sbs/B-2401-oc2014.XLS,200,OK,19883,2026-09-28 19:24:52
2014-10,B-2402,https://intranet2.sbs.gob.pe/estadistica/financiera/2014/Octubre/B-2402-oc2014.XLS,datos_crudos/sbs/B-2402-oc2014.XLS,200,OK,15127,2026-09-28 19:24:53
2014-11,B-2201,https://intranet2.sbs.gob.pe/estadistica/financiera/2014/Noviembre/B-2201-no2014.XLS,datos_crudos/sbs/B-2201-no2014.XLS,200,OK,166787,2026-09-28 19:24:54
2014-11,B-2401,https://intranet2.sbs.gob.pe/estadistica/financiera/2014/Noviembre/B-2401-no2014.XLS,datos_crudos/sbs/B-2401-no2014.XLS,200,OK,19855,2026-09-28 19:24:55
2014-11,B-2402,https://intranet2.sbs.gob.pe/estadistica/financiera/2014/Noviembre/B-2402-no2014.XLS,datos_crudos/sbs/B-2402-no2014.XLS,200,OK,15142,2026-09-28 19:24:57
2014-12,B-2201,https://intranet2.sbs.gob.pe/estadistica/financiera/2014/Diciembre/B-2201-di2014.XLS,datos_crudos/sbs/B-2201-di2014.XLS,200,OK,166931,2026-09-28 19:24:58
2014-12,B-2401,https://intranet2.sbs.gob.pe/estadistica/financiera/2014/Diciembre/B-2401-di2014.XLS,datos_crudos/sbs/B-2401-di2014.XLS,200,OK,19682,2026-09-28 19:24:59
2014-12,B-2402,https://intranet2.sbs.gob.pe/estadistica/financiera/2014/Diciembre/B-2402-di2014.XLS,datos_crudos/sbs/B-2402-di2014.XLS,200,OK,15172,2026-09-28 19:25:00
2015-01,B-2201,https://intranet2.sbs.gob.pe/estadistica/financiera/2015/Enero/B-2201-en2015.XLS,datos_crudos/sbs/B-2201-en2015.XLS,200,OK,164578,2026-09-28 19:25:02
2015-01,B-2401,https://intranet2.sbs.gob.pe/estadistica/financiera/2015/Enero/B-2401-en2015.XLS,datos_crudos/sbs/B-2401-en2015.XLS,200,OK,19816,2026-09-28 19:25:03
2015-01,B-2402,https://intranet2.sbs.gob.pe/estadistica/financiera/2015/Enero/B-2402-en2015.XLS,datos_crudos/sbs/B-2402-en2015.XLS,200,OK,15199,2026-09-28 19:25:04
2015-02,B-2201,https://intranet2.sbs.gob.pe/estadistica/financiera/2015/Febrero/B-2201-fe2015.XLS,datos_crudos/sbs/B-2201-fe2015.XLS,200,OK,164719,2026-09-28 19:25:06
2015-02,B-2401,https://intranet2.sbs.gob.pe/estadistica/financiera/2015/Febrero/B-2401-fe2015.XLS,datos_crudos/sbs/B-2401-fe2015.XLS,200,OK,20027,2026-09-28 19:25:07
2015-02,B-2402,https://intranet2.sbs.gob.pe/estadistica/financiera/2015/Febrero/B-2402-fe2015.XLS,datos_crudos/sbs/B-2402-fe2015.XLS,200,OK,16099,2026-09-28 19:25:08
2015-03,B-2201,https://intranet2.sbs.gob.pe/estadistica/financiera/2015/Marzo/B-2201-ma2015.XLS,datos_crudos/sbs/B-2201-ma2015.XLS,200,OK,165297,2026-09-28 19:25:10
2015-03,B-2401,https://intranet2.sbs.gob.pe/estadistica/financiera/2015/Marzo/B-2401-ma2015.XLS,datos_crudos/sbs/B-2401-ma2015.XLS,200,OK,19973,2026-09-28 19:25:11
2015-03,B-2402,https://intranet2.sbs.gob.pe/estadistica/financiera/2015/Marzo/B-2402-ma2015.XLS,datos_crudos/sbs/B-2402-ma2015.XLS,200,OK,15295,2026-09-28 19:25:12
2015-04,B-2201,https://intranet2.sbs.gob.pe/estadistica/financiera/2015/Abril/B-2201-ab2015.XLS,datos_crudos/sbs/B-2201-ab2015.XLS,200,OK,165602,2026-09-28 19:25:14
2015-04,B-2401,https://intranet2.sbs.gob.pe/estadistica/financiera/2015/Abril/B-2401-ab2015.XLS,datos_crudos/sbs/B-2401-ab2015.XLS,200,OK,19773,2026-09-28 19:25:15
2015-04,B-2402,https://intranet2.sbs.gob.pe/estadistica/financiera/2015/Abril/B-2402-ab2015.XLS,datos_crudos/sbs/B-2402-ab2015.XLS,200,OK,16100,2026-09-28 19:25:16
2015-05,B-2201,https://intranet2.sbs.gob.pe/estadistica/financiera/2015/Mayo/B-2201-my2015.XLS,datos_crudos/sbs/B-2201-my2015.XLS,200,OK,166254,2026-09-28 19:25:17
2015-05,B-2401,https://intranet2.sbs.gob.pe/estadistica/financiera/2015/Mayo/B-2401-my2015.XLS,datos_crudos/sbs/B-2401-my2015.XLS,200,OK,20460,2026-09-28 19:25:19
2015-05,B-2402,https://intranet2.sbs.gob.pe/estadistica/financiera/2015/Mayo/B-2402-my2015.XLS,datos_crudos/sbs/B-2402-my2015.XLS,200,OK,37376,2026-09-28 19:25:20
2015-06,B-2201,https://intranet2.sbs.gob.pe/estadistica/financiera/2015/Junio/B-2201-jn2015.XLS,datos_crudos/sbs/B-2201-jn2015.XLS,200,OK,306688,2026-09-28 19:25:22
2015-06,B-2401,https://intranet2.sbs.gob.pe/estadistica/financiera/2015/Junio/B-2401-jn2015.XLS,datos_crudos/sbs/B-2401-jn2015.XLS,200,OK,20227,2026-09-28 19:25:23
2015-06,B-2402,https://intranet2.sbs.gob.pe/estadistica/financiera/2015/Junio/B-2402-jn2015.XLS,datos_crudos/sbs/B-2402-jn2015.XLS,200,OK,37376,2026-09-28 19:25:24
2015-07,B-2201,https://intranet2.sbs.gob.pe/estadistica/financiera/2015/Julio/B-2201-jl2015.XLS,datos_crudos/sbs/B-2201-jl2015.XLS,200,OK,307200,2026-09-28 19:25:26
2015-07,B-2401,https://intranet2.sbs.gob.pe/estadistica/financiera/2015/Julio/B-2401-jl2015.XLS,datos_crudos/sbs/B-2401-jl2015.XLS,200,OK,44544,2026-09-28 19:25:27
2015-07,B-2402,https://intranet2.sbs.gob.pe/estadistica/financiera/2015/Julio/B-2402-jl2015.XLS,datos_crudos/sbs/B-2402-jl2015.XLS,200,OK,37376,2026-09-28 19:25:28
2015-08,B-2201,https://intranet2.sbs.gob.pe/estadistica/financiera/2015/Agosto/B-2201-ag2015.XLS,datos_crudos/sbs/B-2201-ag2015.XLS,200,OK,307200,2026-09-28 19:25:30
2015-08,B-2401,https://intranet2.sbs.gob.pe/estadistica/financiera/2015/Agosto/B-2401-ag2015.XLS,datos_crudos/sbs/B-2401-ag2015.XLS,200,OK,45056,2026-09-28 19:25:31
2015-08,B-2402,https://intranet2.sbs.gob.pe/estadistica/financiera/2015/Agosto/B-2402-ag2015.XLS,datos_crudos/sbs/B-2402-ag2015.XLS,200,OK,37376,2026-09-28 19:25:32
2015-09,B-2201,https://intranet2.sbs.gob.pe/estadistica/financiera/2015/Setiembre/B-2201-se2015.XLS,datos_crudos/sbs/B-2201-se2015.XLS,200,OK,309248,2026-09-28 19:25:34
2015-09,B-2401,https://intranet2.sbs.gob.pe/estadistica/financiera/2015/Setiembre/B-2401-se2015.XLS,datos_crudos/sbs/B-2401-se2015.XLS,200,OK,45056,2026-09-28 19:25:35
2015-09,B-2402,https://intranet2.sbs.gob.pe/estadistica/financiera/2015/Setiembre/B-2402-se2015.XLS,datos_crudos/sbs/B-2402-se2015.XLS,200,OK,37376,2026-09-28 19:25:37
2015-10,B-2201,https://intranet2.sbs.gob.pe/estadistica/financiera/2015/Octubre/B-2201-oc2015.XLS,datos_crudos/sbs/B-2201-oc2015.XLS,200,OK,308736,2026-09-28 19:25:38
2015-10,B-2401,https://intranet2.sbs.gob.pe/estadistica/financiera/2015/Octubre/B-2401-oc2015.XLS,datos_crudos/sbs/B-2401-oc2015.XLS,200,OK,45056,2026-09-28 19:25:40
2015-10,B-2402,https://intranet2.sbs.gob.pe/estadistica/financiera/2015/Octubre/B-2402-oc2015.XLS,datos_crudos/sbs/B-2402-oc2015.XLS,200,OK,37376,2026-09-28 19:25:41
2015-11,B-2201,https://intranet2.sbs.gob.pe/estadistica/financiera/2015/Noviembre/B-2201-no2015.XLS,datos_crudos/sbs/B-2201-no2015.XLS,200,OK,308736,2026-09-28 19:25:43
2015-11,B-2401,https://intranet2.sbs.gob.pe/estadistica/financiera/2015/Noviembre/B-2401-no2015.XLS,datos_crudos/sbs/B-2401-no2015.XLS,200,OK,45568,2026-09-28 19:25:44
2015-11,B-2402,https://intranet2.sbs.gob.pe/estadistica/financiera/2015/Noviembre/B-2402-no2015.XLS,datos_crudos/sbs/B-2402-no2015.XLS,200,OK,37376,2026-09-28 19:25:45
2015-12,B-2201,https://intranet2.sbs.gob.pe/estadistica/financiera/2015/Diciembre/B-2201-di2015.XLS,datos_crudos/sbs/B-2201-di2015.XLS,200,OK,309248,2026-09-28 19:25:47
2015-12,B-2401,https://intranet2.sbs.gob.pe/estadistica/financiera/2015/Diciembre/B-2401-di2015.XLS,datos_crudos/sbs/B-2401-di2015.XLS,200,OK,44544,2026-09-28 19:25:48
2015-12,B-2402,https://intranet2.sbs.gob.pe/estadistica/financiera/2015/Diciembre/B-2402-di2015.XLS,datos_crudos/sbs/B-2402-di2015.XLS,200,OK,37376,2026-09-28 19:25:49
2016-01,B-2201,https://intranet2.sbs.gob.pe/estadistica/financiera/2016/Enero/B-2201-en2016.XLS,datos_crudos/sbs/B-2201-en2016.XLS,200,OK,307712,2026-09-28 19:25:51
2016-01,B-2401,https://intranet2.sbs.gob.pe/estadistica/financiera/2016/Enero/B-2401-en2016.XLS,datos_crudos/sbs/B-2401-en2016.XLS,200,OK,44544,2026-09-28 19:25:52
2016-01,B-2402,https://intranet2.sbs.gob.pe/estadistica/financiera/2016/Enero/B-2402-en2016.XLS,datos_crudos/sbs/B-2402-en2016.XLS,200,OK,37376,2026-09-28 19:25:54
2016-02,B-2201,https://intranet2.sbs.gob.pe/estadistica/financiera/2016/Febrero/B-2201-fe2016.XLS,datos_crudos/sbs/B-2201-fe2016.XLS,200,OK,308736,2026-09-28 19:25:56
2016-02,B-2401,https://intranet2.sbs.gob.pe/estadistica/financiera/2016/Febrero/B-2401-fe2016.XLS,datos_crudos/sbs/B-2401-fe2016.XLS,200,OK,44544,2026-09-28 19:25:57
2016-02,B-2402,https://intranet2.sbs.gob.pe/estadistica/financiera/2016/Febrero/B-2402-fe2016.XLS,datos_crudos/sbs/B-2402-fe2016.XLS,200,OK,37376,2026-09-28 19:25:58
2016-03,B-2201,https://intranet2.sbs.gob.pe/estadistica/financiera/2016/Marzo/B-2201-ma2016.XLS,datos_crudos/sbs/B-2201-ma2016.XLS,200,OK,307712,2026-09-28 19:26:00
2016-03,B-2401,https://intranet2.sbs.gob.pe/estadistica/financiera/2016/Marzo/B-2401-ma2016.XLS,datos_crudos/sbs/B-2401-ma2016.XLS,200,OK,44544,2026-09-28 19:26:02
2016-03,B-2402,https://intranet2.sbs.gob.pe/estadistica/financiera/2016/Marzo/B-2402-ma2016.XLS,datos_crudos/sbs/B-2402-ma2016.XLS,200,OK,37376,2026-09-28 19:26:03
2016-04,B-2201,https://intranet2.sbs.gob.pe/estadistica/financiera/2016/Abril/B-2201-ab2016.XLS,datos_crudos/sbs/B-2201-ab2016.XLS,200,OK,308224,2026-09-28 19:26:05
2016-04,B-2401,https://intranet2.sbs.gob.pe/estadistica/financiera/2016/Abril/B-2401-ab2016.XLS,datos_crudos/sbs/B-2401-ab2016.XLS,200,OK,45056,2026-09-28 19:26:06
2016-04,B-2402,https://intranet2.sbs.gob.pe/estadistica/financiera/2016/Abril/B-2402-ab2016.XLS,datos_crudos/sbs/B-2402-ab2016.XLS,200,OK,37888,2026-09-28 19:26:07
2016-05,B-2201,https://intranet2.sbs.gob.pe/estadistica/financiera/2016/Mayo/B-2201-my2016.XLS,datos_crudos/sbs/B-2201-my2016.XLS,200,OK,308736,2026-09-28 19:26:09
2016-05,B-2401,https://intranet2.sbs.gob.pe/estadistica/financiera/2016/Mayo/B-2401-my2016.XLS,datos_crudos/sbs/B-2401-my2016.XLS,200,OK,45056,2026-09-28 19:26:10
2016-05,B-2402,https://intranet2.sbs.gob.pe/estadistica/financiera/2016/Mayo/B-2402-my2016.XLS,datos_crudos/sbs/B-2402-my2016.XLS,200,OK,37376,2026-09-28 19:26:12
2016-06,B-2201,https://intranet2.sbs.gob.pe/estadistica/financiera/2016/Junio/B-2201-jn2016.XLS,datos_crudos/sbs/B-2201-jn2016.XLS,200,OK,308224,2026-09-28 19:26:14
2016-06,B-2401,https://intranet2.sbs.gob.pe/estadistica/financiera/2016/Junio/B-2401-jn2016.XLS,datos_crudos/sbs/B-2401-jn2016.XLS,200,OK,45056,2026-09-28 19:26:15
2016-06,B-2402,https://intranet2.sbs.gob.pe/estadistica/financiera/2016/Junio/B-2402-jn2016.XLS,datos_crudos/sbs/B-2402-jn2016.XLS,200,OK,37376,2026-09-28 19:26:16
2016-07,B-2201,https://intranet2.sbs.gob.pe/estadistica/financiera/2016/Julio/B-2201-jl2016.XLS,datos_crudos/sbs/B-2201-jl2016.XLS,200,OK,299520,2026-09-28 19:26:18
2016-07,B-2401,https://intranet2.sbs.gob.pe/estadistica/financiera/2016/Julio/B-2401-jl2016.XLS,datos_crudos/sbs/B-2401-jl2016.XLS,200,OK,44544,2026-09-28 19:26:20
2016-07,B-2402,https://intranet2.sbs.gob.pe/estadistica/financiera/2016/Julio/B-2402-jl2016.XLS,datos_crudos/sbs/B-2402-jl2016.XLS,200,OK,37376,2026-09-28 19:26:21
2016-08,B-2201,https://intranet2.sbs.gob.pe/estadistica/financiera/2016/Agosto/B-2201-ag2016.XLS,datos_crudos/sbs/B-2201-ag2016.XLS,200,OK,299008,2026-09-28 19:26:23
2016-08,B-2401,https://intranet2.sbs.gob.pe/estadistica/financiera/2016/Agosto/B-2401-ag2016.XLS,datos_crudos/sbs/B-2401-ag2016.XLS,200,OK,44544,2026-09-28 19:26:24
2016-08,B-2402,https://intranet2.sbs.gob.pe/estadistica/financiera/2016/Agosto/B-2402-ag2016.XLS,datos_crudos/sbs/B-2402-ag2016.XLS,200,OK,37376,2026-09-28 19:26:25
2016-09,B-2201,https://intranet2.sbs.gob.pe/estadistica/financiera/2016/Setiembre/B-2201-se2016.XLS,datos_crudos/sbs/B-2201-se2016.XLS,200,OK,299520,2026-09-28 19:26:27
2016-09,B-2401,https://intranet2.sbs.gob.pe/estadistica/financiera/2016/Setiembre/B-2401-se2016.XLS,datos_crudos/sbs/B-2401-se2016.XLS,200,OK,44544,2026-09-28 19:26:28
2016-09,B-2402,https://intranet2.sbs.gob.pe/estadistica/financiera/2016/Setiembre/B-2402-se2016.XLS,datos_crudos/sbs/B-2402-se2016.XLS,200,OK,37376,2026-09-28 19:26:29
2016-10,B-2201,https://intranet2.sbs.gob.pe/estadistica/financiera/2016/Octubre/B-2201-oc2016.XLS,datos_crudos/sbs/B-2201-oc2016.XLS,200,OK,299520,2026-09-28 19:26:31
2016-10,B-2401,https://intranet2.sbs.gob.pe/estadistica/financiera/2016/Octubre/B-2401-oc2016.XLS,datos_crudos/sbs/B-2401-oc2016.XLS,200,OK,45056,2026-09-28 19:26:32
2016-10,B-2402,https://intranet2.sbs.gob.pe/estadistica/financiera/2016/Octubre/B-2402-oc2016.XLS,datos_crudos/sbs/B-2402-oc2016.XLS,200,OK,37376,2026-09-28 19:26:34
2016-11,B-2201,https://intranet2.sbs.gob.pe/estadistica/financiera/2016/Noviembre/B-2201-no2016.XLS,datos_crudos/sbs/B-2201-no2016.XLS,200,OK,299520,2026-09-28 19:26:35
2016-11,B-2401,https://intranet2.sbs.gob.pe/estadistica/financiera/2016/Noviembre/B-2401-no2016.XLS,datos_crudos/sbs/B-2401-no2016.XLS,200,OK,45568,2026-09-28 19:26:37
2016-11,B-2402,https://intranet2.sbs.gob.pe/estadistica/financiera/2016/Noviembre/B-2402-no2016.XLS,datos_crudos/sbs/B-2402-no2016.XLS,200,OK,37376,2026-09-28 19:26:38
2016-12,B-2201,https://intranet2.sbs.gob.pe/estadistica/financiera/2016/Diciembre/B-2201-di2016.XLS,datos_crudos/sbs/B-2201-di2016.XLS,200,OK,300032,2026-09-28 19:26:39
2016-12,B-2401,https://intranet2.sbs.gob.pe/estadistica/financiera/2016/Diciembre/B-2401-di2016.XLS,datos_crudos/sbs/B-2401-di2016.XLS,200,OK,20210,2026-09-28 19:26:41
2016-12,B-2402,https://intranet2.sbs.gob.pe/estadistica/financiera/2016/Diciembre/B-2402-di2016.XLS,datos_crudos/sbs/B-2402-di2016.XLS,200,OK,37376,2026-09-28 19:26:42
2017-01,B-2201,https://intranet2.sbs.gob.pe/estadistica/financiera/2017/Enero/B-2201-en2017.XLS,datos_crudos/sbs/B-2201-en2017.XLS,200,OK,290816,2026-09-28 19:26:44
2017-01,B-2401,https://intranet2.sbs.gob.pe/estadistica/financiera/2017/Enero/B-2401-en2017.XLS,datos_crudos/sbs/B-2401-en2017.XLS,200,OK,44032,2026-09-28 19:26:45
2017-01,B-2402,https://intranet2.sbs.gob.pe/estadistica/financiera/2017/Enero/B-2402-en2017.XLS,datos_crudos/sbs/B-2402-en2017.XLS,200,OK,38912,2026-09-28 19:26:46
2017-02,B-2201,https://intranet2.sbs.gob.pe/estadistica/financiera/2017/Febrero/B-2201-fe2017.XLS,datos_crudos/sbs/B-2201-fe2017.XLS,200,OK,156219,2026-09-28 19:26:48
2017-02,B-2401,https://intranet2.sbs.gob.pe/estadistica/financiera/2017/Febrero/B-2401-fe2017.XLS,datos_crudos/sbs/B-2401-fe2017.XLS,200,OK,20008,2026-09-28 19:26:49
2017-02,B-2402,https://intranet2.sbs.gob.pe/estadistica/financiera/2017/Febrero/B-2402-fe2017.XLS,datos_crudos/sbs/B-2402-fe2017.XLS,200,OK,43520,2026-09-28 19:26:50
2017-03,B-2201,https://intranet2.sbs.gob.pe/estadistica/financiera/2017/Marzo/B-2201-ma2017.XLS,datos_crudos/sbs/B-2201-ma2017.XLS,200,OK,290816,2026-09-28 19:26:52
2017-03,B-2401,https://intranet2.sbs.gob.pe/estadistica/financiera/2017/Marzo/B-2401-ma2017.XLS,datos_crudos/sbs/B-2401-ma2017.XLS,200,OK,45056,2026-09-28 19:26:53
2017-03,B-2402,https://intranet2.sbs.gob.pe/estadistica/financiera/2017/Marzo/B-2402-ma2017.XLS,datos_crudos/sbs/B-2402-ma2017.XLS,200,OK,43520,2026-09-28 19:26:54
2017-04,B-2201,https://intranet2.sbs.gob.pe/estadistica/financiera/2017/Abril/B-2201-ab2017.XLS,datos_crudos/sbs/B-2201-ab2017.XLS,200,OK,290816,2026-09-28 19:26:56
2017-04,B-2401,https://intranet2.sbs.gob.pe/estadistica/financiera/2017/Abril/B-2401-ab2017.XLS,datos_crudos/sbs/B-2401-ab2017.XLS,200,OK,44544,2026-09-28 19:26:57
2017-04,B-2402,https://intranet2.sbs.gob.pe/estadistica/financiera/2017/Abril/B-2402-ab2017.XLS,datos_crudos/sbs/B-2402-ab2017.XLS,200,OK,43520,2026-09-28 19:26:59
2017-05,B-2201,https://intranet2.sbs.gob.pe/estadistica/financiera/2017/Mayo/B-2201-my2017.XLS,datos_crudos/sbs/B-2201-my2017.XLS,200,OK,157754,2026-09-28 19:27:00
2017-05,B-2401,https://intranet2.sbs.gob.pe/estadistica/financiera/2017/Mayo/B-2401-my2017.XLS,datos_crudos/sbs/B-2401-my2017.XLS,200,OK,20030,2026-09-28 19:27:01
2017-05,B-2402,https://intranet2.sbs.gob.pe/estadistica/financiera/2017/Mayo/B-2402-my2017.XLS,datos_crudos/sbs/B-2402-my2017.XLS,200,OK,43520,2026-09-28 19:27:02
2017-06,B-2201,https://intranet2.sbs.gob.pe/estadistica/financiera/2017/Junio/B-2201-jn2017.XLS,datos_crudos/sbs/B-2201-jn2017.XLS,200,OK,158142,2026-09-28 19:27:04
2017-06,B-2401,https://intranet2.sbs.gob.pe/estadistica/financiera/2017/Junio/B-2401-jn2017.XLS,datos_crudos/sbs/B-2401-jn2017.XLS,200,OK,20043,2026-09-28 19:27:05
2017-06,B-2402,https://intranet2.sbs.gob.pe/estadistica/financiera/2017/Junio/B-2402-jn2017.XLS,datos_crudos/sbs/B-2402-jn2017.XLS,200,OK,43520,2026-09-28 19:27:06
2017-07,B-2201,https://intranet2.sbs.gob.pe/estadistica/financiera/2017/Julio/B-2201-jl2017.XLS,datos_crudos/sbs/B-2201-jl2017.XLS,200,OK,291328,2026-09-28 19:27:08
2017-07,B-2401,https://intranet2.sbs.gob.pe/estadistica/financiera/2017/Julio/B-2401-jl2017.XLS,datos_crudos/sbs/B-2401-jl2017.XLS,200,OK,44544,2026-09-28 19:27:09
2017-07,B-2402,https://intranet2.sbs.gob.pe/estadistica/financiera/2017/Julio/B-2402-jl2017.XLS,datos_crudos/sbs/B-2402-jl2017.XLS,200,OK,43520,2026-09-28 19:27:11
2017-08,B-2201,https://intranet2.sbs.gob.pe/estadistica/financiera/2017/Agosto/B-2201-ag2017.XLS,datos_crudos/sbs/B-2201-ag2017.XLS,200,OK,291840,2026-09-28 19:27:12
2017-08,B-2401,https://intranet2.sbs.gob.pe/estadistica/financiera/2017/Agosto/B-2401-ag2017.XLS,datos_crudos/sbs/B-2401-ag2017.XLS,200,OK,44544,2026-09-28 19:27:14
2017-08,B-2402,https://intranet2.sbs.gob.pe/estadistica/financiera/2017/Agosto/B-2402-ag2017.XLS,datos_crudos/sbs/B-2402-ag2017.XLS,200,OK,43520,2026-09-28 19:27:15
2017-09,B-2201,https://intranet2.sbs.gob.pe/estadistica/financiera/2017/Setiembre/B-2201-se2017.XLS,datos_crudos/sbs/B-2201-se2017.XLS,200,OK,291840,2026-09-28 19:27:17
2017-09,B-2401,https://intranet2.sbs.gob.pe/estadistica/financiera/2017/Setiembre/B-2401-se2017.XLS,datos_crudos/sbs/B-2401-se2017.XLS,200,OK,44544,2026-09-28 19:27:18
2017-09,B-2402,https://intranet2.sbs.gob.pe/estadistica/financiera/2017/Setiembre/B-2402-se2017.XLS,datos_crudos/sbs/B-2402-se2017.XLS,200,OK,46080,2026-09-28 19:27:19
2017-10,B-2201,https://intranet2.sbs.gob.pe/estadistica/financiera/2017/Octubre/B-2201-oc2017.XLS,datos_crudos/sbs/B-2201-oc2017.XLS,200,OK,158506,2026-09-28 19:27:21
2017-10,B-2401,https://intranet2.sbs.gob.pe/estadistica/financiera/2017/Octubre/B-2401-oc2017.XLS,datos_crudos/sbs/B-2401-oc2017.XLS,200,OK,20053,2026-09-28 19:27:22
2017-10,B-2402,https://intranet2.sbs.gob.pe/estadistica/financiera/2017/Octubre/B-2402-oc2017.XLS,datos_crudos/sbs/B-2402-oc2017.XLS,200,OK,43520,2026-09-28 19:27:23
2017-11,B-2201,https://intranet2.sbs.gob.pe/estadistica/financiera/2017/Noviembre/B-2201-no2017.XLS,datos_crudos/sbs/B-2201-no2017.XLS,200,OK,292352,2026-09-28 19:27:25
2017-11,B-2401,https://intranet2.sbs.gob.pe/estadistica/financiera/2017/Noviembre/B-2401-no2017.XLS,datos_crudos/sbs/B-2401-no2017.XLS,200,OK,44032,2026-09-28 19:27:26
2017-11,B-2402,https://intranet2.sbs.gob.pe/estadistica/financiera/2017/Noviembre/B-2402-no2017.XLS,datos_crudos/sbs/B-2402-no2017.XLS,200,OK,44032,2026-09-28 19:27:27
2017-12,B-2201,https://intranet2.sbs.gob.pe/estadistica/financiera/2017/Diciembre/B-2201-di2017.XLS,datos_crudos/sbs/B-2201-di2017.XLS,200,OK,159239,2026-09-28 19:27:29
2017-12,B-2401,https://intranet2.sbs.gob.pe/estadistica/financiera/2017/Diciembre/B-2401-di2017.XLS,datos_crudos/sbs/B-2401-di2017.XLS,200,OK,19590,2026-09-28 19:27:30
2017-12,B-2402,https://intranet2.sbs.gob.pe/estadistica/financiera/2017/Diciembre/B-2402-di2017.XLS,datos_crudos/sbs/B-2402-di2017.XLS,200,OK,44032,2026-09-28 19:27:31
2018-01,B-2201,https://intranet2.sbs.gob.pe/estadistica/financiera/2018/Enero/B-2201-en2018.XLS,datos_crudos/sbs/B-2201-en2018.XLS,200,OK,156090,2026-09-28 19:27:33
2018-01,B-2401,https://intranet2.sbs.gob.pe/estadistica/financiera/2018/Enero/B-2401-en2018.XLS,datos_crudos/sbs/B-2401-en2018.XLS,200,OK,19471,2026-09-28 19:27:34
2018-01,B-2402,https://intranet2.sbs.gob.pe/estadistica/financiera/2018/Enero/B-2402-en2018.XLS,datos_crudos/sbs/B-2402-en2018.XLS,200,OK,43520,2026-09-28 19:27:35
2018-02,B-2201,https://intranet2.sbs.gob.pe/estadistica/financiera/2018/Febrero/B-2201-fe2018.XLS,datos_crudos/sbs/B-2201-fe2018.XLS,200,OK,156606,2026-09-28 19:27:37
2018-02,B-2401,https://intranet2.sbs.gob.pe/estadistica/financiera/2018/Febrero/B-2401-fe2018.XLS,datos_crudos/sbs/B-2401-fe2018.XLS,200,OK,19466,2026-09-28 19:27:38
2018-02,B-2402,https://intranet2.sbs.gob.pe/estadistica/financiera/2018/Febrero/B-2402-fe2018.XLS,datos_crudos/sbs/B-2402-fe2018.XLS,200,OK,43520,2026-09-28 19:27:39
2018-03,B-2201,https://intranet2.sbs.gob.pe/estadistica/financiera/2018/Marzo/B-2201-ma2018.XLS,datos_crudos/sbs/B-2201-ma2018.XLS,200,OK,156989,2026-09-28 19:27:41
2018-03,B-2401,https://intranet2.sbs.gob.pe/estadistica/financiera/2018/Marzo/B-2401-ma2018.XLS,datos_crudos/sbs/B-2401-ma2018.XLS,200,OK,19614,2026-09-28 19:27:42
2018-03,B-2402,https://intranet2.sbs.gob.pe/estadistica/financiera/2018/Marzo/B-2402-ma2018.XLS,datos_crudos/sbs/B-2402-ma2018.XLS,200,OK,45056,2026-09-28 19:27:43
2018-04,B-2201,https://intranet2.sbs.gob.pe/estadistica/financiera/2018/Abril/B-2201-ab2018.XLS,datos_crudos/sbs/B-2201-ab2018.XLS,200,OK,156905,2026-09-28 19:27:44
2018-04,B-2401,https://intranet2.sbs.gob.pe/estadistica/financiera/2018/Abril/B-2401-ab2018.XLS,datos_crudos/sbs/B-2401-ab2018.XLS,200,OK,19501,2026-09-28 19:27:46
2018-04,B-2402,https://intranet2.sbs.gob.pe/estadistica/financiera/2018/Abril/B-2402-ab2018.XLS,datos_crudos/sbs/B-2402-ab2018.XLS,200,OK,43520,2026-09-28 19:27:47
2018-05,B-2201,https://intranet2.sbs.gob.pe/estadistica/financiera/2018/Mayo/B-2201-my2018.XLS,datos_crudos/sbs/B-2201-my2018.XLS,200,OK,157621,2026-09-28 19:27:48
2018-05,B-2401,https://intranet2.sbs.gob.pe/estadistica/financiera/2018/Mayo/B-2401-my2018.XLS,datos_crudos/sbs/B-2401-my2018.XLS,200,OK,19462,2026-09-28 19:27:49
2018-05,B-2402,https://intranet2.sbs.gob.pe/estadistica/financiera/2018/Mayo/B-2402-my2018.XLS,datos_crudos/sbs/B-2402-my2018.XLS,200,OK,43520,2026-09-28 19:27:51
2018-06,B-2201,https://intranet2.sbs.gob.pe/estadistica/financiera/2018/Junio/B-2201-jn2018.XLS,datos_crudos/sbs/B-2201-jn2018.XLS,200,OK,158051,2026-09-28 19:27:52
2018-06,B-2401,https://intranet2.sbs.gob.pe/estadistica/financiera/2018/Junio/B-2401-jn2018.XLS,datos_crudos/sbs/B-2401-jn2018.XLS,200,OK,19375,2026-09-28 19:27:54
2018-06,B-2402,https://intranet2.sbs.gob.pe/estadistica/financiera/2018/Junio/B-2402-jn2018.XLS,datos_crudos/sbs/B-2402-jn2018.XLS,200,OK,43520,2026-09-28 19:27:55
2018-07,B-2201,https://intranet2.sbs.gob.pe/estadistica/financiera/2018/Julio/B-2201-jl2018.XLS,datos_crudos/sbs/B-2201-jl2018.XLS,200,OK,157747,2026-09-28 19:27:56
2018-07,B-2401,https://intranet2.sbs.gob.pe/estadistica/financiera/2018/Julio/B-2401-jl2018.XLS,datos_crudos/sbs/B-2401-jl2018.XLS,200,OK,19440,2026-09-28 19:27:57
2018-07,B-2402,https://intranet2.sbs.gob.pe/estadistica/financiera/2018/Julio/B-2402-jl2018.XLS,datos_crudos/sbs/B-2402-jl2018.XLS,200,OK,45056,2026-09-28 19:27:59
2018-08,B-2201,https://intranet2.sbs.gob.pe/estadistica/financiera/2018/Agosto/B-2201-ag2018.XLS,datos_crudos/sbs/B-2201-ag2018.XLS,200,OK,158470,2026-09-28 19:28:00
2018-08,B-2401,https://intranet2.sbs.gob.pe/estadistica/financiera/2018/Agosto/B-2401-ag2018.XLS,datos_crudos/sbs/B-2401-ag2018.XLS,200,OK,19658,2026-09-28 19:28:01
2018-08,B-2402,https://intranet2.sbs.gob.pe/estadistica/financiera/2018/Agosto/B-2402-ag2018.XLS,datos_crudos/sbs/B-2402-ag2018.XLS,200,OK,43520,2026-09-28 19:28:03
2018-09,B-2201,https://intranet2.sbs.gob.pe/estadistica/financiera/2018/Setiembre/B-2201-se2018.XLS,datos_crudos/sbs/B-2201-se2018.XLS,200,OK,158757,2026-09-28 19:28:04
2018-09,B-2401,https://intranet2.sbs.gob.pe/estadistica/financiera/2018/Setiembre/B-2401-se2018.XLS,datos_crudos/sbs/B-2401-se2018.XLS,200,OK,19438,2026-09-28 19:28:05
2018-09,B-2402,https://intranet2.sbs.gob.pe/estadistica/financiera/2018/Setiembre/B-2402-se2018.XLS,datos_crudos/sbs/B-2402-se2018.XLS,200,OK,43520,2026-09-28 19:28:07
2018-10,B-2201,https://intranet2.sbs.gob.pe/estadistica/financiera/2018/Octubre/B-2201-oc2018.XLS,datos_crudos/sbs/B-2201-oc2018.XLS,200,OK,159063,2026-09-28 19:28:08
2018-10,B-2401,https://intranet2.sbs.gob.pe/estadistica/financiera/2018/Octubre/B-2401-oc2018.XLS,datos_crudos/sbs/B-2401-oc2018.XLS,200,OK,19396,2026-09-28 19:28:09
2018-10,B-2402,https://intranet2.sbs.gob.pe/estadistica/financiera/2018/Octubre/B-2402-oc2018.XLS,datos_crudos/sbs/B-2402-oc2018.XLS,200,OK,43520,2026-09-28 19:28:10
2018-11,B-2201,https://intranet2.sbs.gob.pe/estadistica/financiera/2018/Noviembre/B-2201-no2018.XLS,datos_crudos/sbs/B-2201-no2018.XLS,200,OK,157190,2026-09-28 19:28:12
2018-11,B-2401,https://intranet2.sbs.gob.pe/estadistica/financiera/2018/Noviembre/B-2401-no2018.XLS,datos_crudos/sbs/B-2401-no2018.XLS,200,OK,19523,2026-09-28 19:28:13
2018-11,B-2402,https://intranet2.sbs.gob.pe/estadistica/financiera/2018/Noviembre/B-2402-no2018.XLS,datos_crudos/sbs/B-2402-no2018.XLS,200,OK,44032,2026-09-28 19:28:14
2018-12,B-2201,https://intranet2.sbs.gob.pe/estadistica/financiera/2018/Diciembre/B-2201-di2018.XLS,datos_crudos/sbs/B-2201-di2018.XLS,200,OK,158590,2026-09-28 19:28:16
2018-12,B-2401,https://intranet2.sbs.gob.pe/estadistica/financiera/2018/Diciembre/B-2401-di2018.XLS,datos_crudos/sbs/B-2401-di2018.XLS,200,OK,19524,2026-09-28 19:28:17
2018-12,B-2402,https://intranet2.sbs.gob.pe/estadistica/financiera/2018/Diciembre/B-2402-di2018.XLS,datos_crudos/sbs/B-2402-di2018.XLS,200,OK,44032,2026-09-28 19:28:18
2019-01,B-2201,https://intranet2.sbs.gob.pe/estadistica/financiera/2019/Enero/B-2201-en2019.XLS,datos_crudos/sbs/B-2201-en2019.XLS,200,OK,156059,2026-09-28 19:28:20
2019-01,B-2401,https://intranet2.sbs.gob.pe/estadistica/financiera/2019/Enero/B-2401-en2019.XLS,datos_crudos/sbs/B-2401-en2019.XLS,200,OK,19508,2026-09-28 19:28:21
2019-01,B-2402,https://intranet2.sbs.gob.pe/estadistica/financiera/2019/Enero/B-2402-en2019.XLS,datos_crudos/sbs/B-2402-en2019.XLS,200,OK,44032,2026-09-28 19:28:22
2019-02,B-2201,https://intranet2.sbs.gob.pe/estadistica/financiera/2019/Febrero/B-2201-fe2019.XLS,datos_crudos/sbs/B-2201-fe2019.XLS,200,OK,156484,2026-09-28 19:28:24
2019-02,B-2401,https://intranet2.sbs.gob.pe/estadistica/financiera/2019/Febrero/B-2401-fe2019.XLS,datos_crudos/sbs/B-2401-fe2019.XLS,200,OK,19562,2026-09-28 19:28:25
2019-02,B-2402,https://intranet2.sbs.gob.pe/estadistica/financiera/2019/Febrero/B-2402-fe2019.XLS,datos_crudos/sbs/B-2402-fe2019.XLS,200,OK,44032,2026-09-28 19:28:26
2019-03,B-2201,https://intranet2.sbs.gob.pe/estadistica/financiera/2019/Marzo/B-2201-ma2019.XLS,datos_crudos/sbs/B-2201-ma2019.XLS,200,OK,149231,2026-09-28 19:28:28
2019-03,B-2401,https://intranet2.sbs.gob.pe/estadistica/financiera/2019/Marzo/B-2401-ma2019.XLS,datos_crudos/sbs/B-2401-ma2019.XLS,200,OK,19429,2026-09-28 19:28:29
2019-03,B-2402,https://intranet2.sbs.gob.pe/estadistica/financiera/2019/Marzo/B-2402-ma2019.XLS,datos_crudos/sbs/B-2402-ma2019.XLS,200,OK,45568,2026-09-28 19:28:31
2019-04,B-2201,https://intranet2.sbs.gob.pe/estadistica/financiera/2019/Abril/B-2201-ab2019.XLS,datos_crudos/sbs/B-2201-ab2019.XLS,200,OK,151319,2026-09-28 19:28:32
2019-04,B-2401,https://intranet2.sbs.gob.pe/estadistica/financiera/2019/Abril/B-2401-ab2019.XLS,datos_crudos/sbs/B-2401-ab2019.XLS,200,OK,19180,2026-09-28 19:28:33
2019-04,B-2402,https://intranet2.sbs.gob.pe/estadistica/financiera/2019/Abril/B-2402-ab2019.XLS,datos_crudos/sbs/B-2402-ab2019.XLS,200,OK,44032,2026-09-28 19:28:35
2019-05,B-2201,https://intranet2.sbs.gob.pe/estadistica/financiera/2019/Mayo/B-2201-my2019.XLS,datos_crudos/sbs/B-2201-my2019.XLS,200,OK,151460,2026-09-28 19:28:37
2019-05,B-2401,https://intranet2.sbs.gob.pe/estadistica/financiera/2019/Mayo/B-2401-my2019.XLS,datos_crudos/sbs/B-2401-my2019.XLS,200,OK,19217,2026-09-28 19:28:38
2019-05,B-2402,https://intranet2.sbs.gob.pe/estadistica/financiera/2019/Mayo/B-2402-my2019.XLS,datos_crudos/sbs/B-2402-my2019.XLS,200,OK,46592,2026-09-28 19:28:39
2019-06,B-2201,https://intranet2.sbs.gob.pe/estadistica/financiera/2019/Junio/B-2201-jn2019.XLS,datos_crudos/sbs/B-2201-jn2019.XLS,200,OK,151791,2026-09-28 19:28:41
2019-06,B-2401,https://intranet2.sbs.gob.pe/estadistica/financiera/2019/Junio/B-2401-jn2019.XLS,datos_crudos/sbs/B-2401-jn2019.XLS,200,OK,19257,2026-09-28 19:28:42
2019-06,B-2402,https://intranet2.sbs.gob.pe/estadistica/financiera/2019/Junio/B-2402-jn2019.XLS,datos_crudos/sbs/B-2402-jn2019.XLS,200,OK,46080,2026-09-28 19:28:43
2019-07,B-2201,https://intranet2.sbs.gob.pe/estadistica/financiera/2019/Julio/B-2201-jl2019.XLS,datos_crudos/sbs/B-2201-jl2019.XLS,200,OK,151790,2026-09-28 19:28:45
2019-07,B-2401,https://intranet2.sbs.gob.pe/estadistica/financiera/2019/Julio/B-2401-jl2019.XLS,datos_crudos/sbs/B-2401-jl2019.XLS,200,OK,19216,2026-09-28 19:28:46
2019-07,B-2402,https://intranet2.sbs.gob.pe/estadistica/financiera/2019/Julio/B-2402-jl2019.XLS,datos_crudos/sbs/B-2402-jl2019.XLS,200,OK,47616,2026-09-28 19:28:48
2019-08,B-2201,https://intranet2.sbs.gob.pe/estadistica/financiera/2019/Agosto/B-2201-ag2019.XLS,datos_crudos/sbs/B-2201-ag2019.XLS,200,OK,152345,2026-09-28 19:28:49
2019-08,B-2401,https://intranet2.sbs.gob.pe/estadistica/financiera/2019/Agosto/B-2401-ag2019.XLS,datos_crudos/sbs/B-2401-ag2019.XLS,200,OK,19157,2026-09-28 19:28:50
2019-08,B-2402,https://intranet2.sbs.gob.pe/estadistica/financiera/2019/Agosto/B-2402-ag2019.XLS,datos_crudos/sbs/B-2402-ag2019.XLS,200,OK,46080,2026-09-28 19:28:52
2019-09,B-2201,https://intranet2.sbs.gob.pe/estadistica/financiera/2019/Setiembre/B-2201-se2019.XLS,datos_crudos/sbs/B-2201-se2019.XLS,200,OK,152112,2026-09-28 19:28:53
2019-09,B-2401,https://intranet2.sbs.gob.pe/estadistica/financiera/2019/Setiembre/B-2401-se2019.XLS,datos_crudos/sbs/B-2401-se2019.XLS,200,OK,19144,2026-09-28 19:28:54
2019-09,B-2402,https://intranet2.sbs.gob.pe/estadistica/financiera/2019/Setiembre/B-2402-se2019.XLS,datos_crudos/sbs/B-2402-se2019.XLS,200,OK,46080,2026-09-28 19:28:55
2019-10,B-2201,https://intranet2.sbs.gob.pe/estadistica/financiera/2019/Octubre/B-2201-oc2019.XLS,datos_crudos/sbs/B-2201-oc2019.XLS,200,OK,152298,2026-09-28 19:28:57
2019-10,B-2401,https://intranet2.sbs.gob.pe/estadistica/financiera/2019/Octubre/B-2401-oc2019.XLS,datos_crudos/sbs/B-2401-oc2019.XLS,200,OK,19094,2026-09-28 19:28:58
2019-10,B-2402,https://intranet2.sbs.gob.pe/estadistica/financiera/2019/Octubre/B-2402-oc2019.XLS,datos_crudos/sbs/B-2402-oc2019.XLS,200,OK,46080,2026-09-28 19:29:00
2019-11,B-2201,https://intranet2.sbs.gob.pe/estadistica/financiera/2019/Noviembre/B-2201-no2019.XLS,datos_crudos/sbs/B-2201-no2019.XLS,200,OK,152449,2026-09-28 19:29:01
2019-11,B-2401,https://intranet2.sbs.gob.pe/estadistica/financiera/2019/Noviembre/B-2401-no2019.XLS,datos_crudos/sbs/B-2401-no2019.XLS,200,OK,19177,2026-09-28 19:29:02
2019-11,B-2402,https://intranet2.sbs.gob.pe/estadistica/financiera/2019/Noviembre/B-2402-no2019.XLS,datos_crudos/sbs/B-2402-no2019.XLS,200,OK,48128,2026-09-28 19:29:04
2019-12,B-2201,https://intranet2.sbs.gob.pe/estadistica/financiera/2019/Diciembre/B-2201-di2019.XLS,datos_crudos/sbs/B-2201-di2019.XLS,200,OK,142609,2026-09-28 19:29:05
2019-12,B-2401,https://intranet2.sbs.gob.pe/estadistica/financiera/2019/Diciembre/B-2401-di2019.XLS,datos_crudos/sbs/B-2401-di2019.XLS,200,OK,19012,2026-09-28 19:29:06
2019-12,B-2402,https://intranet2.sbs.gob.pe/estadistica/financiera/2019/Diciembre/B-2402-di2019.XLS,datos_crudos/sbs/B-2402-di2019.XLS,200,OK,47616,2026-09-28 19:29:07
2020-01,B-2201,https://intranet2.sbs.gob.pe/estadistica/financiera/2020/Enero/B-2201-en2020.XLS,datos_crudos/sbs/B-2201-en2020.XLS,200,OK,140043,2026-09-28 19:29:09
2020-01,B-2401,https://intranet2.sbs.gob.pe/estadistica/financiera/2020/Enero/B-2401-en2020.XLS,datos_crudos/sbs/B-2401-en2020.XLS,200,OK,19044,2026-09-28 19:29:10
2020-01,B-2402,https://intranet2.sbs.gob.pe/estadistica/financiera/2020/Enero/B-2402-en2020.XLS,datos_crudos/sbs/B-2402-en2020.XLS,200,OK,47616,2026-09-28 19:29:11
2020-02,B-2201,https://intranet2.sbs.gob.pe/estadistica/financiera/2020/Febrero/B-2201-fe2020.XLS,datos_crudos/sbs/B-2201-fe2020.XLS,200,OK,140786,2026-09-28 19:29:13
2020-02,B-2401,https://intranet2.sbs.gob.pe/estadistica/financiera/2020/Febrero/B-2401-fe2020.XLS,datos_crudos/sbs/B-2401-fe2020.XLS,200,OK,18975,2026-09-28 19:29:14
2020-02,B-2402,https://intranet2.sbs.gob.pe/estadistica/financiera/2020/Febrero/B-2402-fe2020.XLS,datos_crudos/sbs/B-2402-fe2020.XLS,200,OK,47616,2026-09-28 19:29:15
2020-03,B-2201,https://intranet2.sbs.gob.pe/estadistica/financiera/2020/Marzo/B-2201-ma2020.XLS,datos_crudos/sbs/B-2201-ma2020.XLS,200,OK,141108,2026-09-28 19:29:17
2020-03,B-2401,https://intranet2.sbs.gob.pe/estadistica/financiera/2020/Marzo/B-2401-ma2020.XLS,datos_crudos/sbs/B-2401-ma2020.XLS,200,OK,18985,2026-09-28 19:29:18
2020-03,B-2402,https://intranet2.sbs.gob.pe/estadistica/financiera/2020/Marzo/B-2402-ma2020.XLS,datos_crudos/sbs/B-2402-ma2020.XLS,200,OK,47616,2026-09-28 19:29:19
2020-04,B-2201,https://intranet2.sbs.gob.pe/estadistica/financiera/2020/Abril/B-2201-ab2020.XLS,datos_crudos/sbs/B-2201-ab2020.XLS,200,OK,140709,2026-09-28 19:29:21
2020-04,B-2401,https://intranet2.sbs.gob.pe/estadistica/financiera/2020/Abril/B-2401-ab2020.XLS,datos_crudos/sbs/B-2401-ab2020.XLS,200,OK,19666,2026-09-28 19:29:22
2020-04,B-2402,https://intranet2.sbs.gob.pe/estadistica/financiera/2020/Abril/B-2402-ab2020.XLS,datos_crudos/sbs/B-2402-ab2020.XLS,200,OK,47616,2026-09-28 19:29:23
2020-05,B-2201,https://intranet2.sbs.gob.pe/estadistica/financiera/2020/Mayo/B-2201-my2020.XLS,datos_crudos/sbs/B-2201-my2020.XLS,200,OK,141261,2026-09-28 19:29:25
2020-05,B-2401,https://intranet2.sbs.gob.pe/estadistica/financiera/2020/Mayo/B-2401-my2020.XLS,datos_crudos/sbs/B-2401-my2020.XLS,200,OK,19666,2026-09-28 19:29:26
2020-05,B-2402,https://intranet2.sbs.gob.pe/estadistica/financiera/2020/Mayo/B-2402-my2020.XLS,datos_crudos/sbs/B-2402-my2020.XLS,200,OK,47616,2026-09-28 19:29:27
2020-06,B-2201,https://intranet2.sbs.gob.pe/estadistica/financiera/2020/Junio/B-2201-jn2020.XLS,datos_crudos/sbs/B-2201-jn2020.XLS,200,OK,141670,2026-09-28 19:29:29
2020-06,B-2401,https://intranet2.sbs.gob.pe/estadistica/financiera/2020/Junio/B-2401-jn2020.XLS,datos_crudos/sbs/B-2401-jn2020.XLS,200,OK,19729,2026-09-28 19:29:30
2020-06,B-2402,https://intranet2.sbs.gob.pe/estadistica/financiera/2020/Junio/B-2402-jn2020.XLS,datos_crudos/sbs/B-2402-jn2020.XLS,200,OK,47616,2026-09-28 19:29:31
2020-07,B-2201,https://intranet2.sbs.gob.pe/estadistica/financiera/2020/Julio/B-2201-jl2020.XLS,datos_crudos/sbs/B-2201-jl2020.XLS,200,OK,145958,2026-09-28 19:29:33
2020-07,B-2401,https://intranet2.sbs.gob.pe/estadistica/financiera/2020/Julio/B-2401-jl2020.XLS,datos_crudos/sbs/B-2401-jl2020.XLS,200,OK,19905,2026-09-28 19:29:34
2020-07,B-2402,https://intranet2.sbs.gob.pe/estadistica/financiera/2020/Julio/B-2402-jl2020.XLS,datos_crudos/sbs/B-2402-jl2020.XLS,200,OK,49664,2026-09-28 19:29:35
2020-08,B-2201,https://intranet2.sbs.gob.pe/estadistica/financiera/2020/Agosto/B-2201-ag2020.XLS,datos_crudos/sbs/B-2201-ag2020.XLS,200,OK,146850,2026-09-28 19:29:37
2020-08,B-2401,https://intranet2.sbs.gob.pe/estadistica/financiera/2020/Agosto/B-2401-ag2020.XLS,datos_crudos/sbs/B-2401-ag2020.XLS,200,OK,19734,2026-09-28 19:29:38
2020-08,B-2402,https://intranet2.sbs.gob.pe/estadistica/financiera/2020/Agosto/B-2402-ag2020.XLS,datos_crudos/sbs/B-2402-ag2020.XLS,200,OK,49152,2026-09-28 19:29:39
2020-09,B-2201,https://intranet2.sbs.gob.pe/estadistica/financiera/2020/Setiembre/B-2201-se2020.XLS,datos_crudos/sbs/B-2201-se2020.XLS,200,OK,145788,2026-09-28 19:29:41
2020-09,B-2401,https://intranet2.sbs.gob.pe/estadistica/financiera/2020/Setiembre/B-2401-se2020.XLS,datos_crudos/sbs/B-2401-se2020.XLS,200,OK,19662,2026-09-28 19:29:42
2020-09,B-2402,https://intranet2.sbs.gob.pe/estadistica/financiera/2020/Setiembre/B-2402-se2020.XLS,datos_crudos/sbs/B-2402-se2020.XLS,200,OK,49152,2026-09-28 19:29:43
2020-10,B-2201,https://intranet2.sbs.gob.pe/estadistica/financiera/2020/Octubre/B-2201-oc2020.XLS,datos_crudos/sbs/B-2201-oc2020.XLS,200,OK,146464,2026-09-28 19:29:45
2020-10,B-2401,https://intranet2.sbs.gob.pe/estadistica/financiera/2020/Octubre/B-2401-oc2020.XLS,datos_crudos/sbs/B-2401-oc2020.XLS,200,OK,19696,2026-09-28 19:29:46
2020-10,B-2402,https://intranet2.sbs.gob.pe/estadistica/financiera/2020/Octubre/B-2402-oc2020.XLS,datos_crudos/sbs/B-2402-oc2020.XLS,200,OK,49152,2026-09-28 19:29:47
2020-11,B-2201,https://intranet2.sbs.gob.pe/estadistica/financiera/2020/Noviembre/B-2201-no2020.XLS,datos_crudos/sbs/B-2201-no2020.XLS,200,OK,146389,2026-09-28 19:29:49
2020-11,B-2401,https://intranet2.sbs.gob.pe/estadistica/financiera/2020/Noviembre/B-2401-no2020.XLS,datos_crudos/sbs/B-2401-no2020.XLS,200,OK,19596,2026-09-28 19:29:50
2020-11,B-2402,https://intranet2.sbs.gob.pe/estadistica/financiera/2020/Noviembre/B-2402-no2020.XLS,datos_crudos/sbs/B-2402-no2020.XLS,200,OK,49152,2026-09-28 19:29:51
2020-12,B-2201,https://intranet2.sbs.gob.pe/estadistica/financiera/2020/Diciembre/B-2201-di2020.XLS,datos_crudos/sbs/B-2201-di2020.XLS,200,OK,146381,2026-09-28 19:29:53
2020-12,B-2401,https://intranet2.sbs.gob.pe/estadistica/financiera/2020/Diciembre/B-2401-di2020.XLS,datos_crudos/sbs/B-2401-di2020.XLS,200,OK,19689,2026-09-28 19:29:54
2020-12,B-2402,https://intranet2.sbs.gob.pe/estadistica/financiera/2020/Diciembre/B-2402-di2020.XLS,datos_crudos/sbs/B-2402-di2020.XLS,200,OK,49152,2026-09-28 19:29:55
2021-01,B-2201,https://intranet2.sbs.gob.pe/estadistica/financiera/2021/Enero/B-2201-en2021.XLS,datos_crudos/sbs/B-2201-en2021.XLS,200,OK,138885,2026-09-28 19:29:56
2021-01,B-2401,https://intranet2.sbs.gob.pe/estadistica/financiera/2021/Enero/B-2401-en2021.XLS,datos_crudos/sbs/B-2401-en2021.XLS,200,OK,19823,2026-09-28 19:29:58
2021-01,B-2402,https://intranet2.sbs.gob.pe/estadistica/financiera/2021/Enero/B-2402-en2021.XLS,datos_crudos/sbs/B-2402-en2021.XLS,200,OK,49152,2026-09-28 19:29:59
2021-02,B-2201,https://intranet2.sbs.gob.pe/estadistica/financiera/2021/Febrero/B-2201-fe2021.XLS,datos_crudos/sbs/B-2201-fe2021.XLS,200,OK,139213,2026-09-28 19:30:00
2021-02,B-2401,https://intranet2.sbs.gob.pe/estadistica/financiera/2021/Febrero/B-2401-fe2021.XLS,datos_crudos/sbs/B-2401-fe2021.XLS,200,OK,19661,2026-09-28 19:30:02
2021-02,B-2402,https://intranet2.sbs.gob.pe/estadistica/financiera/2021/Febrero/B-2402-fe2021.XLS,datos_crudos/sbs/B-2402-fe2021.XLS,200,OK,49152,2026-09-28 19:30:03
2021-03,B-2201,https://intranet2.sbs.gob.pe/estadistica/financiera/2021/Marzo/B-2201-ma2021.XLS,datos_crudos/sbs/B-2201-ma2021.XLS,200,OK,139730,2026-09-28 19:30:04
2021-03,B-2401,https://intranet2.sbs.gob.pe/estadistica/financiera/2021/Marzo/B-2401-ma2021.XLS,datos_crudos/sbs/B-2401-ma2021.XLS,200,OK,18635,2026-09-28 19:30:06
2021-03,B-2402,https://intranet2.sbs.gob.pe/estadistica/financiera/2021/Marzo/B-2402-ma2021.XLS,datos_crudos/sbs/B-2402-ma2021.XLS,200,OK,49152,2026-09-28 19:30:07
2021-04,B-2201,https://intranet2.sbs.gob.pe/estadistica/financiera/2021/Abril/B-2201-ab2021.XLS,datos_crudos/sbs/B-2201-ab2021.XLS,200,OK,139997,2026-09-28 19:30:08
2021-04,B-2401,https://intranet2.sbs.gob.pe/estadistica/financiera/2021/Abril/B-2401-ab2021.XLS,datos_crudos/sbs/B-2401-ab2021.XLS,200,OK,19681,2026-09-28 19:30:10
2021-04,B-2402,https://intranet2.sbs.gob.pe/estadistica/financiera/2021/Abril/B-2402-ab2021.XLS,datos_crudos/sbs/B-2402-ab2021.XLS,200,OK,41472,2026-09-28 19:30:11
2021-05,B-2201,https://intranet2.sbs.gob.pe/estadistica/financiera/2021/Mayo/B-2201-my2021.XLS,datos_crudos/sbs/B-2201-my2021.XLS,200,OK,138492,2026-09-28 19:30:12
2021-05,B-2401,https://intranet2.sbs.gob.pe/estadistica/financiera/2021/Mayo/B-2401-my2021.XLS,datos_crudos/sbs/B-2401-my2021.XLS,200,OK,19693,2026-09-28 19:30:14
2021-05,B-2402,https://intranet2.sbs.gob.pe/estadistica/financiera/2021/Mayo/B-2402-my2021.XLS,datos_crudos/sbs/B-2402-my2021.XLS,200,OK,41472,2026-09-28 19:30:15
2021-06,B-2201,https://intranet2.sbs.gob.pe/estadistica/financiera/2021/Junio/B-2201-jn2021.XLS,datos_crudos/sbs/B-2201-jn2021.XLS,200,OK,140544,2026-09-28 19:30:17
2021-06,B-2401,https://intranet2.sbs.gob.pe/estadistica/financiera/2021/Junio/B-2401-jn2021.XLS,datos_crudos/sbs/B-2401-jn2021.XLS,200,OK,19635,2026-09-28 19:30:19
2021-06,B-2402,https://intranet2.sbs.gob.pe/estadistica/financiera/2021/Junio/B-2402-jn2021.XLS,datos_crudos/sbs/B-2402-jn2021.XLS,200,OK,39936,2026-09-28 19:30:20
2021-07,B-2201,https://intranet2.sbs.gob.pe/estadistica/financiera/2021/Julio/B-2201-jl2021.XLS,datos_crudos/sbs/B-2201-jl2021.XLS,200,OK,141145,2026-09-28 19:30:22
2021-07,B-2401,https://intranet2.sbs.gob.pe/estadistica/financiera/2021/Julio/B-2401-jl2021.XLS,datos_crudos/sbs/B-2401-jl2021.XLS,200,OK,19618,2026-09-28 19:30:23
2021-07,B-2402,https://intranet2.sbs.gob.pe/estadistica/financiera/2021/Julio/B-2402-jl2021.XLS,datos_crudos/sbs/B-2402-jl2021.XLS,200,OK,39936,2026-09-28 19:30:24
2021-08,B-2201,https://intranet2.sbs.gob.pe/estadistica/financiera/2021/Agosto/B-2201-ag2021.XLS,datos_crudos/sbs/B-2201-ag2021.XLS,200,OK,140943,2026-09-28 19:30:26
2021-08,B-2401,https://intranet2.sbs.gob.pe/estadistica/financiera/2021/Agosto/B-2401-ag2021.XLS,datos_crudos/sbs/B-2401-ag2021.XLS,200,OK,19571,2026-09-28 19:30:27
2021-08,B-2402,https://intranet2.sbs.gob.pe/estadistica/financiera/2021/Agosto/B-2402-ag2021.XLS,datos_crudos/sbs/B-2402-ag2021.XLS,200,OK,39936,2026-09-28 19:30:29
2021-09,B-2201,https://intranet2.sbs.gob.pe/estadistica/financiera/2021/Setiembre/B-2201-se2021.XLS,datos_crudos/sbs/B-2201-se2021.XLS,200,OK,141149,2026-09-28 19:30:30
2021-09,B-2401,https://intranet2.sbs.gob.pe/estadistica/financiera/2021/Setiembre/B-2401-se2021.XLS,datos_crudos/sbs/B-2401-se2021.XLS,200,OK,19589,2026-09-28 19:30:31
2021-09,B-2402,https://intranet2.sbs.gob.pe/estadistica/financiera/2021/Setiembre/B-2402-se2021.XLS,datos_crudos/sbs/B-2402-se2021.XLS,200,OK,39936,2026-09-28 19:30:33
2021-10,B-2201,https://intranet2.sbs.gob.pe/estadistica/financiera/2021/Octubre/B-2201-oc2021.XLS,datos_crudos/sbs/B-2201-oc2021.XLS,200,OK,139533,2026-09-28 19:30:34
2021-10,B-2401,https://intranet2.sbs.gob.pe/estadistica/financiera/2021/Octubre/B-2401-oc2021.XLS,datos_crudos/sbs/B-2401-oc2021.XLS,200,OK,19693,2026-09-28 19:30:36
2021-10,B-2402,https://intranet2.sbs.gob.pe/estadistica/financiera/2021/Octubre/B-2402-oc2021.XLS,datos_crudos/sbs/B-2402-oc2021.XLS,200,OK,39936,2026-09-28 19:30:37
2021-11,B-2201,https://intranet2.sbs.gob.pe/estadistica/financiera/2021/Noviembre/B-2201-no2021.XLS,datos_crudos/sbs/B-2201-no2021.XLS,200,OK,140140,2026-09-28 19:30:38
2021-11,B-2401,https://intranet2.sbs.gob.pe/estadistica/financiera/2021/Noviembre/B-2401-no2021.XLS,datos_crudos/sbs/B-2401-no2021.XLS,200,OK,20082,2026-09-28 19:30:40
2021-11,B-2402,https://intranet2.sbs.gob.pe/estadistica/financiera/2021/Noviembre/B-2402-no2021.XLS,datos_crudos/sbs/B-2402-no2021.XLS,200,OK,41472,2026-09-28 19:30:41
2021-12,B-2201,https://intranet2.sbs.gob.pe/estadistica/financiera/2021/Diciembre/B-2201-di2021.XLS,datos_crudos/sbs/B-2201-di2021.XLS,200,OK,141157,2026-09-28 19:30:42
2021-12,B-2401,https://intranet2.sbs.gob.pe/estadistica/financiera/2021/Diciembre/B-2401-di2021.XLS,datos_crudos/sbs/B-2401-di2021.XLS,200,OK,19567,2026-09-28 19:30:44
2021-12,B-2402,https://intranet2.sbs.gob.pe/estadistica/financiera/2021/Diciembre/B-2402-di2021.XLS,datos_crudos/sbs/B-2402-di2021.XLS,200,OK,41472,2026-09-28 19:30:45
2022-01,B-2201,https://intranet2.sbs.gob.pe/estadistica/financiera/2022/Enero/B-2201-en2022.XLS,datos_crudos/sbs/B-2201-en2022.XLS,200,OK,138888,2026-09-28 19:30:46
2022-01,B-2401,https://intranet2.sbs.gob.pe/estadistica/financiera/2022/Enero/B-2401-en2022.XLS,datos_crudos/sbs/B-2401-en2022.XLS,200,OK,19310,2026-09-28 19:30:48
2022-01,B-2402,https://intranet2.sbs.gob.pe/estadistica/financiera/2022/Enero/B-2402-en2022.XLS,datos_crudos/sbs/B-2402-en2022.XLS,200,OK,39936,2026-09-28 19:30:49
2022-02,B-2201,https://intranet2.sbs.gob.pe/estadistica/financiera/2022/Febrero/B-2201-fe2022.XLS,datos_crudos/sbs/B-2201-fe2022.XLS,200,OK,139815,2026-09-28 19:30:50
2022-02,B-2401,https://intranet2.sbs.gob.pe/estadistica/financiera/2022/Febrero/B-2401-fe2022.XLS,datos_crudos/sbs/B-2401-fe2022.XLS,200,OK,19677,2026-09-28 19:30:51
2022-02,B-2402,https://intranet2.sbs.gob.pe/estadistica/financiera/2022/Febrero/B-2402-fe2022.XLS,datos_crudos/sbs/B-2402-fe2022.XLS,200,OK,41472,2026-09-28 19:30:53
2022-03,B-2201,https://intranet2.sbs.gob.pe/estadistica/financiera/2022/Marzo/B-2201-ma2022.XLS,datos_crudos/sbs/B-2201-ma2022.XLS,200,OK,140464,2026-09-28 19:30:54
2022-03,B-2401,https://intranet2.sbs.gob.pe/estadistica/financiera/2022/Marzo/B-2401-ma2022.XLS,datos_crudos/sbs/B-2401-ma2022.XLS,200,OK,19581,2026-09-28 19:30:55
2022-03,B-2402,https://intranet2.sbs.gob.pe/estadistica/financiera/2022/Marzo/B-2402-ma2022.XLS,datos_crudos/sbs/B-2402-ma2022.XLS,200,OK,41472,2026-09-28 19:30:57
2022-04,B-2201,https://intranet2.sbs.gob.pe/estadistica/financiera/2022/Abril/B-2201-ab2022.XLS,datos_crudos/sbs/B-2201-ab2022.XLS,200,OK,140793,2026-09-28 19:30:58
2022-04,B-2401,https://intranet2.sbs.gob.pe/estadistica/financiera/2022/Abril/B-2401-ab2022.XLS,datos_crudos/sbs/B-2401-ab2022.XLS,200,OK,19579,2026-09-28 19:30:59
2022-04,B-2402,https://intranet2.sbs.gob.pe/estadistica/financiera/2022/Abril/B-2402-ab2022.XLS,datos_crudos/sbs/B-2402-ab2022.XLS,200,OK,41472,2026-09-28 19:31:01
2022-05,B-2201,https://intranet2.sbs.gob.pe/estadistica/financiera/2022/Mayo/B-2201-my2022.XLS,datos_crudos/sbs/B-2201-my2022.XLS,200,OK,140958,2026-09-28 19:31:02
2022-05,B-2401,https://intranet2.sbs.gob.pe/estadistica/financiera/2022/Mayo/B-2401-my2022.XLS,datos_crudos/sbs/B-2401-my2022.XLS,200,OK,19691,2026-09-28 19:31:03
2022-05,B-2402,https://intranet2.sbs.gob.pe/estadistica/financiera/2022/Mayo/B-2402-my2022.XLS,datos_crudos/sbs/B-2402-my2022.XLS,200,OK,39936,2026-09-28 19:31:04
2022-06,B-2201,https://intranet2.sbs.gob.pe/estadistica/financiera/2022/Junio/B-2201-jn2022.XLS,datos_crudos/sbs/B-2201-jn2022.XLS,200,OK,140994,2026-09-28 19:31:06
2022-06,B-2401,https://intranet2.sbs.gob.pe/estadistica/financiera/2022/Junio/B-2401-jn2022.XLS,datos_crudos/sbs/B-2401-jn2022.XLS,200,OK,19626,2026-09-28 19:31:07
2022-06,B-2402,https://intranet2.sbs.gob.pe/estadistica/financiera/2022/Junio/B-2402-jn2022.XLS,datos_crudos/sbs/B-2402-jn2022.XLS,200,OK,39936,2026-09-28 19:31:08
2022-07,B-2201,https://intranet2.sbs.gob.pe/estadistica/financiera/2022/Julio/B-2201-jl2022.XLS,datos_crudos/sbs/B-2201-jl2022.XLS,200,OK,146477,2026-09-28 19:31:10
2022-07,B-2401,https://intranet2.sbs.gob.pe/estadistica/financiera/2022/Julio/B-2401-jl2022.XLS,datos_crudos/sbs/B-2401-jl2022.XLS,200,OK,19975,2026-09-28 19:31:11
2022-07,B-2402,https://intranet2.sbs.gob.pe/estadistica/financiera/2022/Julio/B-2402-jl2022.XLS,datos_crudos/sbs/B-2402-jl2022.XLS,200,OK,41984,2026-09-28 19:31:12
2022-08,B-2201,https://intranet2.sbs.gob.pe/estadistica/financiera/2022/Agosto/B-2201-ag2022.XLS,datos_crudos/sbs/B-2201-ag2022.XLS,200,OK,146727,2026-09-28 19:31:14
2022-08,B-2401,https://intranet2.sbs.gob.pe/estadistica/financiera/2022/Agosto/B-2401-ag2022.XLS,datos_crudos/sbs/B-2401-ag2022.XLS,200,OK,19975,2026-09-28 19:31:15
2022-08,B-2402,https://intranet2.sbs.gob.pe/estadistica/financiera/2022/Agosto/B-2402-ag2022.XLS,datos_crudos/sbs/B-2402-ag2022.XLS,200,OK,41984,2026-09-28 19:31:16
2022-09,B-2201,https://intranet2.sbs.gob.pe/estadistica/financiera/2022/Setiembre/B-2201-se2022.XLS,datos_crudos/sbs/B-2201-se2022.XLS,200,OK,146888,2026-09-28 19:31:18
2022-09,B-2401,https://intranet2.sbs.gob.pe/estadistica/financiera/2022/Setiembre/B-2401-se2022.XLS,datos_crudos/sbs/B-2401-se2022.XLS,200,OK,19952,2026-09-28 19:31:19
2022-09,B-2402,https://intranet2.sbs.gob.pe/estadistica/financiera/2022/Setiembre/B-2402-se2022.XLS,datos_crudos/sbs/B-2402-se2022.XLS,200,OK,41984,2026-09-28 19:31:20
2022-10,B-2201,https://intranet2.sbs.gob.pe/estadistica/financiera/2022/Octubre/B-2201-oc2022.XLS,datos_crudos/sbs/B-2201-oc2022.XLS,200,OK,146973,2026-09-28 19:31:22
2022-10,B-2401,https://intranet2.sbs.gob.pe/estadistica/financiera/2022/Octubre/B-2401-oc2022.XLS,datos_crudos/sbs/B-2401-oc2022.XLS,200,OK,19835,2026-09-28 19:31:23
2022-10,B-2402,https://intranet2.sbs.gob.pe/estadistica/financiera/2022/Octubre/B-2402-oc2022.XLS,datos_crudos/sbs/B-2402-oc2022.XLS,200,OK,40448,2026-09-28 19:31:24
2022-11,B-2201,https://intranet2.sbs.gob.pe/estadistica/financiera/2022/Noviembre/B-2201-no2022.XLS,datos_crudos/sbs/B-2201-no2022.XLS,200,OK,147097,2026-09-28 19:31:25
2022-11,B-2401,https://intranet2.sbs.gob.pe/estadistica/financiera/2022/Noviembre/B-2401-no2022.XLS,datos_crudos/sbs/B-2401-no2022.XLS,200,OK,19851,2026-09-28 19:31:27
2022-11,B-2402,https://intranet2.sbs.gob.pe/estadistica/financiera/2022/Noviembre/B-2402-no2022.XLS,datos_crudos/sbs/B-2402-no2022.XLS,200,OK,39936,2026-09-28 19:31:28
2022-12,B-2201,https://intranet2.sbs.gob.pe/estadistica/financiera/2022/Diciembre/B-2201-di2022.XLS,datos_crudos/sbs/B-2201-di2022.XLS,200,OK,147077,2026-09-28 19:31:29
2022-12,B-2401,https://intranet2.sbs.gob.pe/estadistica/financiera/2022/Diciembre/B-2401-di2022.XLS,datos_crudos/sbs/B-2401-di2022.XLS,200,OK,19905,2026-09-28 19:31:31
2022-12,B-2402,https://intranet2.sbs.gob.pe/estadistica/financiera/2022/Diciembre/B-2402-di2022.XLS,datos_crudos/sbs/B-2402-di2022.XLS,200,OK,39936,2026-09-28 19:31:32
2023-01,B-2201,https://intranet2.sbs.gob.pe/estadistica/financiera/2023/Enero/B-2201-en2023.XLS,datos_crudos/sbs/B-2201-en2023.XLS,200,OK,144438,2026-09-28 19:31:33
2023-01,B-2401,https://intranet2.sbs.gob.pe/estadistica/financiera/2023/Enero/B-2401-en2023.XLS,datos_crudos/sbs/B-2401-en2023.XLS,200,OK,19834,2026-09-28 19:31:34
2023-01,B-2402,https://intranet2.sbs.gob.pe/estadistica/financiera/2023/Enero/B-2402-en2023.XLS,datos_crudos/sbs/B-2402-en2023.XLS,200,OK,40960,2026-09-28 19:31:36
2023-02,B-2201,https://intranet2.sbs.gob.pe/estadistica/financiera/2023/Febrero/B-2201-fe2023.XLS,datos_crudos/sbs/B-2201-fe2023.XLS,200,OK,145362,2026-09-28 19:31:37
2023-02,B-2401,https://intranet2.sbs.gob.pe/estadistica/financiera/2023/Febrero/B-2401-fe2023.XLS,datos_crudos/sbs/B-2401-fe2023.XLS,200,OK,19899,2026-09-28 19:31:38
2023-02,B-2402,https://intranet2.sbs.gob.pe/estadistica/financiera/2023/Febrero/B-2402-fe2023.XLS,datos_crudos/sbs/B-2402-fe2023.XLS,200,OK,40960,2026-09-28 19:31:40
2023-03,B-2201,https://intranet2.sbs.gob.pe/estadistica/financiera/2023/Marzo/B-2201-ma2023.XLS,datos_crudos/sbs/B-2201-ma2023.XLS,200,OK,145695,2026-09-28 19:31:41
2023-03,B-2401,https://intranet2.sbs.gob.pe/estadistica/financiera/2023/Marzo/B-2401-ma2023.XLS,datos_crudos/sbs/B-2401-ma2023.XLS,200,OK,19852,2026-09-28 19:31:42
2023-03,B-2402,https://intranet2.sbs.gob.pe/estadistica/financiera/2023/Marzo/B-2402-ma2023.XLS,datos_crudos/sbs/B-2402-ma2023.XLS,200,OK,40960,2026-09-28 19:31:43
2023-04,B-2201,https://intranet2.sbs.gob.pe/estadistica/financiera/2023/Abril/B-2201-ab2023.XLS,datos_crudos/sbs/B-2201-ab2023.XLS,200,OK,146877,2026-09-28 19:31:45
2023-04,B-2401,https://intranet2.sbs.gob.pe/estadistica/financiera/2023/Abril/B-2401-ab2023.XLS,datos_crudos/sbs/B-2401-ab2023.XLS,200,OK,20352,2026-09-28 19:31:46
2023-04,B-2402,https://intranet2.sbs.gob.pe/estadistica/financiera/2023/Abril/B-2402-ab2023.XLS,datos_crudos/sbs/B-2402-ab2023.XLS,200,OK,40960,2026-09-28 19:31:47
2023-05,B-2201,https://intranet2.sbs.gob.pe/estadistica/financiera/2023/Mayo/B-2201-my2023.XLS,datos_crudos/sbs/B-2201-my2023.XLS,200,OK,147439,2026-09-28 19:31:49
2023-05,B-2401,https://intranet2.sbs.gob.pe/estadistica/financiera/2023/Mayo/B-2401-my2023.XLS,datos_crudos/sbs/B-2401-my2023.XLS,200,OK,20367,2026-09-28 19:31:50
2023-05,B-2402,https://intranet2.sbs.gob.pe/estadistica/financiera/2023/Mayo/B-2402-my2023.XLS,datos_crudos/sbs/B-2402-my2023.XLS,200,OK,40960,2026-09-28 19:31:52
2023-06,B-2201,https://intranet2.sbs.gob.pe/estadistica/financiera/2023/Junio/B-2201-jn2023.XLS,datos_crudos/sbs/B-2201-jn2023.XLS,200,OK,147562,2026-09-28 19:31:54
2023-06,B-2401,https://intranet2.sbs.gob.pe/estadistica/financiera/2023/Junio/B-2401-jn2023.XLS,datos_crudos/sbs/B-2401-jn2023.XLS,200,OK,20105,2026-09-28 19:31:55
2023-06,B-2402,https://intranet2.sbs.gob.pe/estadistica/financiera/2023/Junio/B-2402-jn2023.XLS,datos_crudos/sbs/B-2402-jn2023.XLS,200,OK,43520,2026-09-28 19:31:56
2023-07,B-2201,https://intranet2.sbs.gob.pe/estadistica/financiera/2023/Julio/B-2201-jl2023.XLS,datos_crudos/sbs/B-2201-jl2023.XLS,200,OK,147724,2026-09-28 19:31:58
2023-07,B-2401,https://intranet2.sbs.gob.pe/estadistica/financiera/2023/Julio/B-2401-jl2023.XLS,datos_crudos/sbs/B-2401-jl2023.XLS,200,OK,20186,2026-09-28 19:31:59
2023-07,B-2402,https://intranet2.sbs.gob.pe/estadistica/financiera/2023/Julio/B-2402-jl2023.XLS,datos_crudos/sbs/B-2402-jl2023.XLS,200,OK,45568,2026-09-28 19:32:00
2023-08,B-2201,https://intranet2.sbs.gob.pe/estadistica/financiera/2023/Agosto/B-2201-ag2023.XLS,datos_crudos/sbs/B-2201-ag2023.XLS,200,OK,148029,2026-09-28 19:32:02
2023-08,B-2401,https://intranet2.sbs.gob.pe/estadistica/financiera/2023/Agosto/B-2401-ag2023.XLS,datos_crudos/sbs/B-2401-ag2023.XLS,200,OK,20858,2026-09-28 19:32:03
2023-08,B-2402,https://intranet2.sbs.gob.pe/estadistica/financiera/2023/Agosto/B-2402-ag2023.XLS,datos_crudos/sbs/B-2402-ag2023.XLS,200,OK,43520,2026-09-28 19:32:04
2023-09,B-2201,https://intranet2.sbs.gob.pe/estadistica/financiera/2023/Setiembre/B-2201-se2023.XLS,datos_crudos/sbs/B-2201-se2023.XLS,200,OK,148273,2026-09-28 19:32:06
2023-09,B-2401,https://intranet2.sbs.gob.pe/estadistica/financiera/2023/Setiembre/B-2401-se2023.XLS,datos_crudos/sbs/B-2401-se2023.XLS,200,OK,21024,2026-09-28 19:32:07
2023-09,B-2402,https://intranet2.sbs.gob.pe/estadistica/financiera/2023/Setiembre/B-2402-se2023.XLS,datos_crudos/sbs/B-2402-se2023.XLS,200,OK,43520,2026-09-28 19:32:08
2023-10,B-2201,https://intranet2.sbs.gob.pe/estadistica/financiera/2023/Octubre/B-2201-oc2023.XLS,datos_crudos/sbs/B-2201-oc2023.XLS,200,OK,148351,2026-09-28 19:32:10
2023-10,B-2401,https://intranet2.sbs.gob.pe/estadistica/financiera/2023/Octubre/B-2401-oc2023.XLS,datos_crudos/sbs/B-2401-oc2023.XLS,200,OK,21145,2026-09-28 19:32:11
2023-10,B-2402,https://intranet2.sbs.gob.pe/estadistica/financiera/2023/Octubre/B-2402-oc2023.XLS,datos_crudos/sbs/B-2402-oc2023.XLS,200,OK,44032,2026-09-28 19:32:12
2023-11,B-2201,https://intranet2.sbs.gob.pe/estadistica/financiera/2023/Noviembre/B-2201-no2023.XLS,datos_crudos/sbs/B-2201-no2023.XLS,200,OK,146209,2026-09-28 19:32:14
2023-11,B-2401,https://intranet2.sbs.gob.pe/estadistica/financiera/2023/Noviembre/B-2401-no2023.XLS,datos_crudos/sbs/B-2401-no2023.XLS,200,OK,20242,2026-09-28 19:32:15
2023-11,B-2402,https://intranet2.sbs.gob.pe/estadistica/financiera/2023/Noviembre/B-2402-no2023.XLS,datos_crudos/sbs/B-2402-no2023.XLS,200,OK,44032,2026-09-28 19:32:16
2023-12,B-2201,https://intranet2.sbs.gob.pe/estadistica/financiera/2023/Diciembre/B-2201-di2023.XLS,datos_crudos/sbs/B-2201-di2023.XLS,200,OK,148565,2026-09-28 19:32:18
2023-12,B-2401,https://intranet2.sbs.gob.pe/estadistica/financiera/2023/Diciembre/B-2401-di2023.XLS,datos_crudos/sbs/B-2401-di2023.XLS,200,OK,20078,2026-09-28 19:32:19
2023-12,B-2402,https://intranet2.sbs.gob.pe/estadistica/financiera/2023/Diciembre/B-2402-di2023.XLS,datos_crudos/sbs/B-2402-di2023.XLS,200,OK,44032,2026-09-28 19:32:20
2024-01,B-2201,https://intranet2.sbs.gob.pe/estadistica/financiera/2024/Enero/B-2201-en2024.XLS,datos_crudos/sbs/B-2201-en2024.XLS,200,OK,145981,2026-09-28 19:32:22
2024-01,B-2401,https://intranet2.sbs.gob.pe/estadistica/financiera/2024/Enero/B-2401-en2024.XLS,datos_crudos/sbs/B-2401-en2024.XLS,200,OK,20574,2026-09-28 19:32:23
2024-01,B-2402,https://intranet2.sbs.gob.pe/estadistica/financiera/2024/Enero/B-2402-en2024.XLS,datos_crudos/sbs/B-2402-en2024.XLS,200,OK,44032,2026-09-28 19:32:24
2024-02,B-2201,https://intranet2.sbs.gob.pe/estadistica/financiera/2024/Febrero/B-2201-fe2024.XLS,datos_crudos/sbs/B-2201-fe2024.XLS,200,OK,146480,2026-09-28 19:32:26
2024-02,B-2401,https://intranet2.sbs.gob.pe/estadistica/financiera/2024/Febrero/B-2401-fe2024.XLS,datos_crudos/sbs/B-2401-fe2024.XLS,200,OK,20631,2026-09-28 19:32:27
2024-02,B-2402,https://intranet2.sbs.gob.pe/estadistica/financiera/2024/Febrero/B-2402-fe2024.XLS,datos_crudos/sbs/B-2402-fe2024.XLS,200,OK,45568,2026-09-28 19:32:28
2024-03,B-2201,https://intranet2.sbs.gob.pe/estadistica/financiera/2024/Marzo/B-2201-ma2024.XLS,datos_crudos/sbs/B-2201-ma2024.XLS,200,OK,146969,2026-09-28 19:32:30
2024-03,B-2401,https://intranet2.sbs.gob.pe/estadistica/financiera/2024/Marzo/B-2401-ma2024.XLS,datos_crudos/sbs/B-2401-ma2024.XLS,200,OK,20592,2026-09-28 19:32:31
2024-03,B-2402,https://intranet2.sbs.gob.pe/estadistica/financiera/2024/Marzo/B-2402-ma2024.XLS,datos_crudos/sbs/B-2402-ma2024.XLS,200,OK,44544,2026-09-28 19:32:32
2024-04,B-2201,https://intranet2.sbs.gob.pe/estadistica/financiera/2024/Abril/B-2201-ab2024.XLS,datos_crudos/sbs/B-2201-ab2024.XLS,200,OK,147016,2026-09-28 19:32:34
2024-04,B-2401,https://intranet2.sbs.gob.pe/estadistica/financiera/2024/Abril/B-2401-ab2024.XLS,datos_crudos/sbs/B-2401-ab2024.XLS,200,OK,20596,2026-09-28 19:32:35
2024-04,B-2402,https://intranet2.sbs.gob.pe/estadistica/financiera/2024/Abril/B-2402-ab2024.XLS,datos_crudos/sbs/B-2402-ab2024.XLS,200,OK,44544,2026-09-28 19:32:36
2024-05,B-2201,https://intranet2.sbs.gob.pe/estadistica/financiera/2024/Mayo/B-2201-my2024.XLS,datos_crudos/sbs/B-2201-my2024.XLS,200,OK,147235,2026-09-28 19:32:38
2024-05,B-2401,https://intranet2.sbs.gob.pe/estadistica/financiera/2024/Mayo/B-2401-my2024.XLS,datos_crudos/sbs/B-2401-my2024.XLS,200,OK,20487,2026-09-28 19:32:39
2024-05,B-2402,https://intranet2.sbs.gob.pe/estadistica/financiera/2024/Mayo/B-2402-my2024.XLS,datos_crudos/sbs/B-2402-my2024.XLS,200,OK,44544,2026-09-28 19:32:40
2024-06,B-2201,https://intranet2.sbs.gob.pe/estadistica/financiera/2024/Junio/B-2201-jn2024.XLS,datos_crudos/sbs/B-2201-jn2024.XLS,200,OK,147647,2026-09-28 19:32:42
2024-06,B-2401,https://intranet2.sbs.gob.pe/estadistica/financiera/2024/Junio/B-2401-jn2024.XLS,datos_crudos/sbs/B-2401-jn2024.XLS,200,OK,21096,2026-09-28 19:32:43
2024-06,B-2402,https://intranet2.sbs.gob.pe/estadistica/financiera/2024/Junio/B-2402-jn2024.XLS,datos_crudos/sbs/B-2402-jn2024.XLS,200,OK,44544,2026-09-28 19:32:44
2024-07,B-2201,https://intranet2.sbs.gob.pe/estadistica/financiera/2024/Julio/B-2201-jl2024.XLS,datos_crudos/sbs/B-2201-jl2024.XLS,200,OK,147784,2026-09-28 19:32:45
2024-07,B-2401,https://intranet2.sbs.gob.pe/estadistica/financiera/2024/Julio/B-2401-jl2024.XLS,datos_crudos/sbs/B-2401-jl2024.XLS,200,OK,20776,2026-09-28 19:32:47
2024-07,B-2402,https://intranet2.sbs.gob.pe/estadistica/financiera/2024/Julio/B-2402-jl2024.XLS,datos_crudos/sbs/B-2402-jl2024.XLS,200,OK,44544,2026-09-28 19:32:48
2024-08,B-2201,https://intranet2.sbs.gob.pe/estadistica/financiera/2024/Agosto/B-2201-ag2024.XLS,datos_crudos/sbs/B-2201-ag2024.XLS,200,OK,148191,2026-09-28 19:32:49
2024-08,B-2401,https://intranet2.sbs.gob.pe/estadistica/financiera/2024/Agosto/B-2401-ag2024.XLS,datos_crudos/sbs/B-2401-ag2024.XLS,200,OK,20813,2026-09-28 19:32:51
2024-08,B-2402,https://intranet2.sbs.gob.pe/estadistica/financiera/2024/Agosto/B-2402-ag2024.XLS,datos_crudos/sbs/B-2402-ag2024.XLS,200,OK,44544,2026-09-28 19:32:52
2024-09,B-2201,https://intranet2.sbs.gob.pe/estadistica/financiera/2024/Setiembre/B-2201-se2024.XLS,datos_crudos/sbs/B-2201-se2024.XLS,200,OK,148350,2026-09-28 19:32:54
2024-09,B-2401,https://intranet2.sbs.gob.pe/estadistica/financiera/2024/Setiembre/B-2401-se2024.XLS,datos_crudos/sbs/B-2401-se2024.XLS,200,OK,20807,2026-09-28 19:32:55
2024-09,B-2402,https://intranet2.sbs.gob.pe/estadistica/financiera/2024/Setiembre/B-2402-se2024.XLS,datos_crudos/sbs/B-2402-se2024.XLS,200,OK,44544,2026-09-28 19:32:56
2024-10,B-2201,https://intranet2.sbs.gob.pe/estadistica/financiera/2024/Octubre/B-2201-oc2024.XLS,datos_crudos/sbs/B-2201-oc2024.XLS,200,OK,148086,2026-09-28 19:32:58
2024-10,B-2401,https://intranet2.sbs.gob.pe/estadistica/financiera/2024/Octubre/B-2401-oc2024.XLS,datos_crudos/sbs/B-2401-oc2024.XLS,200,OK,20492,2026-09-28 19:32:59
2024-10,B-2402,https://intranet2.sbs.gob.pe/estadistica/financiera/2024/Octubre/B-2402-oc2024.XLS,datos_crudos/sbs/B-2402-oc2024.XLS,200,OK,44544,2026-09-28 19:33:00
2024-11,B-2201,https://intranet2.sbs.gob.pe/estadistica/financiera/2024/Noviembre/B-2201-no2024.XLS,datos_crudos/sbs/B-2201-no2024.XLS,200,OK,148438,2026-09-28 19:33:01
2024-11,B-2401,https://intranet2.sbs.gob.pe/estadistica/financiera/2024/Noviembre/B-2401-no2024.XLS,datos_crudos/sbs/B-2401-no2024.XLS,200,OK,20717,2026-09-28 19:33:03
2024-11,B-2402,https://intranet2.sbs.gob.pe/estadistica/financiera/2024/Noviembre/B-2402-no2024.XLS,datos_crudos/sbs/B-2402-no2024.XLS,200,OK,44544,2026-09-28 19:33:04
2024-12,B-2201,https://intranet2.sbs.gob.pe/estadistica/financiera/2024/Diciembre/B-2201-di2024.XLS,datos_crudos/sbs/B-2201-di2024.XLS,200,OK,148519,2026-09-28 19:33:05
2024-12,B-2401,https://intranet2.sbs.gob.pe/estadistica/financiera/2024/Diciembre/B-2401-di2024.XLS,datos_crudos/sbs/B-2401-di2024.XLS,200,OK,20748,2026-09-28 19:33:07
2024-12,B-2402,https://intranet2.sbs.gob.pe/estadistica/financiera/2024/Diciembre/B-2402-di2024.XLS,datos_crudos/sbs/B-2402-di2024.XLS,200,OK,44544,2026-09-28 19:33:08
2025-01,B-2201,https://intranet2.sbs.gob.pe/estadistica/financiera/2025/Enero/B-2201-en2025.XLS,datos_crudos/sbs/B-2201-en2025.XLS,200,OK,150913,2026-09-28 19:33:09
2025-01,B-2401,https://intranet2.sbs.gob.pe/estadistica/financiera/2025/Enero/B-2401-en2025.XLS,datos_crudos/sbs/B-2401-en2025.XLS,200,OK,21084,2026-09-28 19:33:10
2025-01,B-2402,https://intranet2.sbs.gob.pe/estadistica/financiera/2025/Enero/B-2402-en2025.XLS,datos_crudos/sbs/B-2402-en2025.XLS,200,OK,46592,2026-09-28 19:33:12
2025-02,B-2201,https://intranet2.sbs.gob.pe/estadistica/financiera/2025/Febrero/B-2201-fe2025.XLS,datos_crudos/sbs/B-2201-fe2025.XLS,200,OK,151777,2026-09-28 19:33:13
2025-02,B-2401,https://intranet2.sbs.gob.pe/estadistica/financiera/2025/Febrero/B-2401-fe2025.XLS,datos_crudos/sbs/B-2401-fe2025.XLS,200,OK,21479,2026-09-28 19:33:14
2025-02,B-2402,https://intranet2.sbs.gob.pe/estadistica/financiera/2025/Febrero/B-2402-fe2025.XLS,datos_crudos/sbs/B-2402-fe2025.XLS,200,OK,45056,2026-09-28 19:33:16
2025-03,B-2201,https://intranet2.sbs.gob.pe/estadistica/financiera/2025/Marzo/B-2201-ma2025.XLS,datos_crudos/sbs/B-2201-ma2025.XLS,200,OK,151972,2026-09-28 19:33:17
2025-03,B-2401,https://intranet2.sbs.gob.pe/estadistica/financiera/2025/Marzo/B-2401-ma2025.XLS,datos_crudos/sbs/B-2401-ma2025.XLS,200,OK,21381,2026-09-28 19:33:18
2025-03,B-2402,https://intranet2.sbs.gob.pe/estadistica/financiera/2025/Marzo/B-2402-ma2025.XLS,datos_crudos/sbs/B-2402-ma2025.XLS,200,OK,44544,2026-09-28 19:33:20
2025-04,B-2201,https://intranet2.sbs.gob.pe/estadistica/financiera/2025/Abril/B-2201-ab2025.XLS,datos_crudos/sbs/B-2201-ab2025.XLS,200,OK,151176,2026-09-28 19:33:21
2025-04,B-2401,https://intranet2.sbs.gob.pe/estadistica/financiera/2025/Abril/B-2401-ab2025.XLS,datos_crudos/sbs/B-2401-ab2025.XLS,200,OK,21002,2026-09-28 19:33:22
2025-04,B-2402,https://intranet2.sbs.gob.pe/estadistica/financiera/2025/Abril/B-2402-ab2025.XLS,datos_crudos/sbs/B-2402-ab2025.XLS,200,OK,46080,2026-09-28 19:33:23
2025-05,B-2201,https://intranet2.sbs.gob.pe/estadistica/financiera/2025/Mayo/B-2201-my2025.XLS,datos_crudos/sbs/B-2201-my2025.XLS,200,OK,152607,2026-09-28 19:33:25
2025-05,B-2401,https://intranet2.sbs.gob.pe/estadistica/financiera/2025/Mayo/B-2401-my2025.XLS,datos_crudos/sbs/B-2401-my2025.XLS,200,OK,21316,2026-09-28 19:33:26
2025-05,B-2402,https://intranet2.sbs.gob.pe/estadistica/financiera/2025/Mayo/B-2402-my2025.XLS,datos_crudos/sbs/B-2402-my2025.XLS,200,OK,43520,2026-09-28 19:33:28
2025-06,B-2201,https://intranet2.sbs.gob.pe/estadistica/financiera/2025/Junio/B-2201-jn2025.XLS,datos_crudos/sbs/B-2201-jn2025.XLS,200,OK,157199,2026-09-28 19:33:29
2025-06,B-2401,https://intranet2.sbs.gob.pe/estadistica/financiera/2025/Junio/B-2401-jn2025.XLS,datos_crudos/sbs/B-2401-jn2025.XLS,200,OK,21481,2026-09-28 19:33:31
2025-06,B-2402,https://intranet2.sbs.gob.pe/estadistica/financiera/2025/Junio/B-2402-jn2025.XLS,datos_crudos/sbs/B-2402-jn2025.XLS,200,OK,40960,2026-09-28 19:33:32
2025-07,B-2201,https://intranet2.sbs.gob.pe/estadistica/financiera/2025/Julio/B-2201-jl2025.XLS,datos_crudos/sbs/B-2201-jl2025.XLS,200,OK,157404,2026-09-28 19:33:33
2025-07,B-2401,https://intranet2.sbs.gob.pe/estadistica/financiera/2025/Julio/B-2401-jl2025.XLS,datos_crudos/sbs/B-2401-jl2025.XLS,200,OK,21438,2026-09-28 19:33:34
2025-07,B-2402,https://intranet2.sbs.gob.pe/estadistica/financiera/2025/Julio/B-2402-jl2025.XLS,datos_crudos/sbs/B-2402-jl2025.XLS,200,OK,40448,2026-09-28 19:33:36
2025-08,B-2201,https://intranet2.sbs.gob.pe/estadistica/financiera/2025/Agosto/B-2201-ag2025.XLS,datos_crudos/sbs/B-2201-ag2025.XLS,200,OK,157930,2026-09-28 19:33:37
2025-08,B-2401,https://intranet2.sbs.gob.pe/estadistica/financiera/2025/Agosto/B-2401-ag2025.XLS,datos_crudos/sbs/B-2401-ag2025.XLS,200,OK,21485,2026-09-28 19:33:38
2025-08,B-2402,https://intranet2.sbs.gob.pe/estadistica/financiera/2025/Agosto/B-2402-ag2025.XLS,datos_crudos/sbs/B-2402-ag2025.XLS,200,OK,40960,2026-09-28 19:33:40
2025-09,B-2201,https://intranet2.sbs.gob.pe/estadistica/financiera/2025/Setiembre/B-2201-se2025.XLS,datos_crudos/sbs/B-2201-se2025.XLS,200,OK,156807,2026-09-28 19:33:41
2025-09,B-2401,https://intranet2.sbs.gob.pe/estadistica/financiera/2025/Setiembre/B-2401-se2025.XLS,datos_crudos/sbs/B-2401-se2025.XLS,200,OK,20708,2026-09-28 19:33:43
2025-09,B-2402,https://intranet2.sbs.gob.pe/estadistica/financiera/2025/Setiembre/B-2402-se2025.XLS,datos_crudos/sbs/B-2402-se2025.XLS,200,OK,43520,2026-09-28 19:33:44
2025-10,B-2201,https://intranet2.sbs.gob.pe/estadistica/financiera/2025/Octubre/B-2201-oc2025.XLS,datos_crudos/sbs/B-2201-oc2025.XLS,200,OK,156845,2026-09-28 19:33:45
2025-10,B-2401,https://intranet2.sbs.gob.pe/estadistica/financiera/2025/Octubre/B-2401-oc2025.XLS,datos_crudos/sbs/B-2401-oc2025.XLS,200,OK,20697,2026-09-28 19:33:47
2025-10,B-2402,https://intranet2.sbs.gob.pe/estadistica/financiera/2025/Octubre/B-2402-oc2025.XLS,datos_crudos/sbs/B-2402-oc2025.XLS,200,OK,40448,2026-09-28 19:33:48
2025-11,B-2201,https://intranet2.sbs.gob.pe/estadistica/financiera/2025/Noviembre/B-2201-no2025.XLS,datos_crudos/sbs/B-2201-no2025.XLS,200,OK,158095,2026-09-28 19:33:50
2025-11,B-2401,https://intranet2.sbs.gob.pe/estadistica/financiera/2025/Noviembre/B-2401-no2025.XLS,datos_crudos/sbs/B-2401-no2025.XLS,200,OK,21414,2026-09-28 19:33:51
2025-11,B-2402,https://intranet2.sbs.gob.pe/estadistica/financiera/2025/Noviembre/B-2402-no2025.XLS,datos_crudos/sbs/B-2402-no2025.XLS,200,OK,40448,2026-09-28 19:33:52
2025-12,B-2201,https://intranet2.sbs.gob.pe/estadistica/financiera/2025/Diciembre/B-2201-di2025.XLS,datos_crudos/sbs/B-2201-di2025.XLS,200,OK,158216,2026-09-28 19:33:54
2025-12,B-2401,https://intranet2.sbs.gob.pe/estadistica/financiera/2025/Diciembre/B-2401-di2025.XLS,datos_crudos/sbs/B-2401-di2025.XLS,200,OK,20805,2026-09-28 19:33:55
2025-12,B-2402,https://intranet2.sbs.gob.pe/estadistica/financiera/2025/Diciembre/B-2402-di2025.XLS,datos_crudos/sbs/B-2402-di2025.XLS,200,OK,40448,2026-09-28 19:33:56
