ticker,fecha,factor
BBVAC1.LM,2009-12-22 00:00:00-05:00,1.3262790000000002
BBVAC1.LM,2010-11-16 00:00:00-05:00,1.252972
BBVAC1.LM,2011-09-14 00:00:00-04:00,1.054683
BBVAC1.LM,2012-11-27 00:00:00-05:00,1.145168
BBVAC1.LM,2013-12-13 00:00:00-05:00,1.22381
BBVAC1.LM,2014-08-22 00:00:00-04:00,1.191488
BBVAC1.LM,2015-08-04 00:00:00-04:00,1.165597
BBVAC1.LM,2016-06-15 00:00:00-04:00,1.163107
BBVAC1.LM,2017-07-13 00:00:00-04:00,1.1094549999999999
BBVAC1.LM,2018-06-20 00:00:00-04:00,1.09942
BBVAC1.LM,2019-07-03 00:00:00-04:00,1.096228
BBVAC1.LM,2020-10-28 00:00:00-04:00,1.10942
BBVAC1.LM,2021-06-24 00:00:00-04:00,1.035118
BBVAC1.LM,2022-07-14 00:00:00-04:00,1.092287
BBVAC1.LM,2023-06-15 00:00:00-04:00,1.103631
BBVAC1.LM,2024-06-11 00:00:00-04:00,1.091767
BBVAC1.LM,2025-06-10 00:00:00-04:00,1.084831
BBVAC1.LM,2026-06-09 00:00:00-04:00,1.099114
CREDITC1.LM,2008-12-01 00:00:00-05:00,1.172371
CREDITC1.LM,2009-08-03 00:00:00-04:00,1.4774
CREDITC1.LM,2010-07-01 00:00:00-04:00,1.14785
CREDITC1.LM,2012-06-01 00:00:00-04:00,1.2463
CREDITC1.LM,2013-07-01 00:00:00-04:00,1.2093909999999999
CREDITC1.LM,2014-06-03 00:00:00-04:00,1.258522
CREDITC1.LM,2015-06-01 00:00:00-04:00,1.239542
CREDITC1.LM,2016-06-02 00:00:00-04:00,1.207087
CREDITC1.LM,2017-06-08 00:00:00-04:00,1.122693
CREDITC1.LM,2018-06-22 00:00:00-04:00,1.105506
CREDITC1.LM,2019-06-17 00:00:00-04:00,1.164989
CREDITC1.LM,2020-09-11 00:00:00-04:00,1.083191
CREDITC1.LM,2021-11-09 00:00:00-05:00,1.022588
CREDITC1.LM,2022-08-10 00:00:00-04:00,1.075899
CREDITC1.LM,2023-08-09 00:00:00-04:00,1.065439
SCOTIAC1.LM,2008-04-11 00:00:00-04:00,0.001
SCOTIAC1.LM,2010-03-29 00:00:00-04:00,2.76485
SCOTIAC1.LM,2011-09-01 00:00:00-04:00,1.3115960000000002
SCOTIAC1.LM,2011-11-02 00:00:00-04:00,1.123683
SCOTIAC1.LM,2012-07-13 00:00:00-04:00,1.0696160000000001
SCOTIAC1.LM,2012-11-23 00:00:00-05:00,1.129825
SCOTIAC1.LM,2013-02-08 00:00:00-05:00,1.02915
SCOTIAC1.LM,2014-03-03 00:00:00-05:00,1.0708
SCOTIAC1.LM,2014-10-09 00:00:00-04:00,1.1653
SCOTIAC1.LM,2015-01-05 00:00:00-05:00,1.036944
SCOTIAC1.LM,2015-09-04 00:00:00-04:00,1.068399
SCOTIAC1.LM,2015-11-04 00:00:00-05:00,1.057267
SCOTIAC1.LM,2016-09-01 00:00:00-04:00,1.006787
SCOTIAC1.LM,2016-10-03 00:00:00-04:00,1.158781
SCOTIAC1.LM,2017-08-09 00:00:00-04:00,1.072664
SCOTIAC1.LM,2017-10-18 00:00:00-04:00,1.090556
SCOTIAC1.LM,2018-07-24 00:00:00-04:00,1.086681
SCOTIAC1.LM,2019-07-16 00:00:00-04:00,1.104578
SCOTIAC1.LM,2020-09-09 00:00:00-04:00,1.159254
SCOTIAC1.LM,2021-08-10 00:00:00-04:00,1.023777
SCOTIAC1.LM,2023-07-11 00:00:00-04:00,1.024917
INTERBC1.LM,2008-06-05 00:00:00-04:00,1.222723
INTERBC1.LM,2009-05-27 00:00:00-04:00,1.3097649999999998
INTERBC1.LM,2014-06-11 00:00:00-04:00,1.1757
INTERBC1.LM,2015-05-28 00:00:00-04:00,1.163216
INTERBC1.LM,2016-05-25 00:00:00-04:00,1.166985
INTERBC1.LM,2017-05-30 00:00:00-04:00,1.148467
INTERBC1.LM,2018-05-15 00:00:00-04:00,1.133251
INTERBC1.LM,2019-05-23 00:00:00-04:00,1.135295
INTERBC1.LM,2021-05-27 00:00:00-04:00,1.050668
INTERBC1.LM,2022-09-02 00:00:00-04:00,1.097138
INTERBC1.LM,2023-06-02 00:00:00-04:00,1.086415
INTERBC1.LM,2024-07-30 00:00:00-04:00,1.068474
INTERBC1.LM,2025-06-24 00:00:00-04:00,1.066736
